player,pos,age,team_id,g,mp,per,ts_pct,fg3a_per_fga_pct,fta_per_fga_pct,orb_pct,drb_pct,trb_pct,ast_pct,stl_pct,blk_pct,tov_pct,usg_pct,ows,dws,ws,ws_per_48,obpm,dbpm,bpm,vorp,player_id,year
Álex Abrines 2019,SG,25,OKC,31,588,6.3,.507,.809,.083,0.9,7.8,4.2,4.3,1.3,0.9,7.9,12.2,0.1,0.6,0.6,.053,-3.7,0.4,-3.3,-0.2,abrinal01,2019
Quincy Acy 2019,PF,28,PHO,10,123,2.9,.379,.833,.556,2.7,20.1,11.3,8.2,0.4,2.7,15.2,9.2,-0.1,0.0,-0.1,-0.022,-7.6,-0.5,-8.1,-0.2,acyqu01,2019
Jaylen Adams 2019,PG,22,ATL,34,428,7.6,.474,.673,.082,2.6,12.3,7.4,19.8,1.5,1.0,19.7,13.5,-0.1,0.2,0.1,.011,-3.8,-0.5,-4.3,-0.2,adamsja01,2019
Steven Adams 2019,C,25,OKC,80,2669,18.5,.591,.002,.361,14.7,14.8,14.7,6.6,2.0,2.4,12.6,16.4,5.1,4.0,9.1,.163,0.7,0.4,1.1,2.1,adamsst01,2019
Bam Adebayo 2019,C,21,MIA,82,1913,17.9,.623,.031,.465,9.2,24.0,16.6,14.2,1.8,3.0,17.1,15.8,3.4,3.4,6.8,.171,-0.4,2.2,1.8,1.8,adebaba01,2019
Deng Adel 2019,SF,21,CLE,19,194,2.7,.424,.639,.111,1.6,9.6,5.4,3.4,0.3,1.8,13.7,9.9,-0.2,0.0,-0.2,-0.054,-6.0,-1.6,-7.5,-0.3,adelde01,2019
DeVaughn Akoon-Purcell 2019,SG,25,DEN,7,22,8.2,.322,.400,.200,4.9,14.8,9.8,37.1,4.5,0.0,15.5,25.0,-0.1,0.0,0.0,-0.051,-7.9,2.1,-5.8,0.0,akoonde01,2019
LaMarcus Aldridge 2019,C,33,SAS,81,2687,22.9,.576,.032,.312,10.3,19.8,15.1,11.6,0.8,3.4,8.8,26.9,6.4,2.9,9.3,.167,2.4,-0.6,1.8,2.6,aldrila01,2019
Rawle Alkins 2019,SG,21,CHI,10,120,8.1,.418,.308,.308,9.9,13.7,11.8,15.2,0.4,0.0,15.3,19.0,-0.1,0.0,-0.1,-0.042,-3.8,-3.5,-7.3,-0.2,alkinra01,2019
Grayson Allen 2019,SG,23,UTA,38,416,7.5,.516,.556,.337,0.8,5.1,3.0,8.9,0.7,1.1,13.9,24.4,-0.4,0.4,0.0,.002,-4.2,-2.1,-6.3,-0.5,allengr01,2019
Jarrett Allen 2019,C,20,BRK,80,2096,18.5,.632,.079,.489,9.6,24.0,16.8,7.9,1.0,4.5,13.0,15.9,4.4,3.3,7.6,.175,0.2,1.4,1.6,1.9,allenja01,2019
Kadeem Allen 2019,SG,26,NYK,19,416,16.2,.574,.255,.383,2.0,11.1,6.4,28.7,1.9,0.8,13.6,19.6,0.7,0.2,1.0,.111,0.3,0.3,0.6,0.3,allenka01,2019
Al-Farouq Aminu 2019,PF,28,POR,81,2292,13.2,.568,.472,.292,5.3,22.6,14.2,6.0,1.4,1.2,9.7,13.7,3.0,2.8,5.8,.121,0.1,0.6,0.7,1.5,aminual01,2019
Justin Anderson 2019,SF,25,ATL,48,463,11.2,.516,.490,.223,5.3,13.9,9.5,6.9,2.2,2.4,11.8,17.2,0.1,0.4,0.4,.043,-2.4,-0.3,-2.7,-0.1,anderju01,2019
Kyle Anderson 2019,SF,25,MEM,43,1281,12.8,.569,.123,.232,4.1,18.1,11.0,15.0,2.1,2.7,16.0,12.6,0.8,1.8,2.7,.100,-1.6,2.4,0.8,0.9,anderky01,2019
Ryan Anderson 2019,PF,30,TOT,25,322,4.6,.414,.580,.232,6.1,12.5,9.2,7.8,0.6,0.3,15.5,12.0,-0.3,0.0,-0.2,-0.035,-4.5,-1.9,-6.4,-0.4,anderry01,2019
Ike Anigbogu 2019,C,20,IND,3,6,-6.0,.000,.000,.000,18.9,36.2,27.7,19.4,0.0,14.8,25.0,29.1,-0.1,0.0,-0.1,-0.480,-14.0,-2.3,-16.2,0.0,anigbik01,2019
Giannis Antetokounmpo 2019,PF,24,MIL,72,2358,30.9,.644,.163,.550,7.3,30.0,19.3,30.3,1.8,3.9,14.8,32.3,8.9,5.5,14.4,.292,6.3,4.1,10.4,7.4,antetgi01,2019
Kostas Antetokounmpo 2019,PF,21,DAL,2,11,-0.9,.210,.000,1.333,0.0,9.7,4.9,0.0,8.8,0.0,17.4,22.5,-0.1,0.0,-0.1,-0.247,-12.6,-0.1,-12.7,0.0,antetko01,2019
Carmelo Anthony 2019,PF,34,HOU,10,294,10.9,.513,.529,.182,3.3,17.3,10.2,2.6,0.7,2.0,5.8,20.5,0.1,0.2,0.3,.048,-1.3,-1.4,-2.7,-0.1,anthoca01,2019
OG Anunoby 2019,SF,21,TOR,67,1352,9.8,.544,.500,.153,4.8,10.8,7.9,4.7,1.6,1.3,11.3,15.5,0.3,1.7,2.0,.070,-2.4,0.1,-2.4,-0.1,anunoog01,2019
Ryan Arcidiacono 2019,PG,24,CHI,81,1961,11.6,.588,.519,.244,1.5,10.8,6.1,18.9,1.6,0.2,12.0,11.7,2.8,0.9,3.7,.090,-2.0,0.1,-1.9,0.1,arcidry01,2019
Trevor Ariza 2019,SF,33,TOT,69,2349,12.0,.534,.590,.223,2.3,15.2,8.6,14.8,1.8,0.7,11.6,16.6,1.3,1.2,2.5,.052,-0.7,-0.6,-1.3,0.4,arizatr01,2019
D.J. Augustin 2019,PG,31,ORL,81,2269,15.7,.616,.459,.309,1.9,7.8,4.8,26.9,1.1,0.1,14.3,17.2,5.0,1.9,6.9,.146,1.1,-0.7,0.5,1.4,augusdj01,2019
Deandre Ayton 2019,C,20,PHO,71,2183,20.5,.608,.005,.217,11.1,26.1,18.5,9.6,1.3,2.6,11.7,21.2,4.1,1.7,5.8,.128,1.3,-1.1,0.2,1.2,aytonde01,2019
Dwayne Bacon 2019,SG,23,CHO,43,759,11.7,.570,.339,.179,1.1,11.7,6.3,9.2,0.8,0.6,6.1,16.8,0.9,0.3,1.2,.073,-2.1,-1.6,-3.7,-0.3,bacondw01,2019
Marvin Bagley III 2019,PF,19,SAC,62,1567,18.9,.562,.136,.371,10.4,20.8,15.5,5.9,1.0,3.2,10.7,24.2,2.0,1.6,3.6,.110,0.5,-1.5,-1.0,0.4,baglema01,2019
Ron Baker 2019,SG,25,TOT,15,152,2.5,.309,.650,.300,0.7,7.1,3.8,12.8,1.9,0.6,18.1,7.8,-0.2,0.1,-0.1,-0.034,-7.7,0.7,-7.0,-0.2,bakerro01,2019
Wade Baldwin 2019,PG,22,POR,16,94,1.3,.396,.273,.333,2.3,14.4,8.5,16.6,0.5,1.7,27.0,23.3,-0.4,0.1,-0.3,-0.153,-8.4,-1.9,-10.3,-0.2,baldwwa01,2019
Lonzo Ball 2019,PG,21,LAL,47,1423,11.7,.487,.500,.105,4.0,14.0,9.1,23.8,2.3,1.1,17.8,16.9,-0.2,1.7,1.6,.052,-1.6,1.3,-0.3,0.6,balllo01,2019
Mo Bamba 2019,C,20,ORL,47,766,14.9,.539,.288,.259,8.8,24.0,16.3,7.4,0.8,7.0,13.7,17.8,0.3,1.4,1.7,.106,-2.8,1.4,-1.4,0.1,bambamo01,2019
J.J. Barea 2019,PG,34,DAL,38,752,16.3,.495,.332,.203,1.9,11.6,6.8,47.5,1.4,0.1,14.7,28.1,0.4,0.6,1.0,.064,1.2,-1.8,-0.6,0.3,bareajo01,2019
Harrison Barnes 2019,PF-SF,26,TOT,77,2533,12.8,.550,.429,.271,2.4,12.7,7.5,6.7,0.9,0.4,7.9,20.9,2.0,1.6,3.6,.068,-0.2,-1.2,-1.4,0.4,barneha02,2019
Will Barton 2019,SF,28,DEN,43,1189,11.0,.501,.426,.161,2.9,15.3,9.1,14.6,0.7,1.6,11.7,20.0,0.1,1.1,1.2,.049,-1.1,-0.8,-1.8,0.0,bartowi01,2019
Keita Bates-Diop 2019,SF,23,MIN,30,503,9.6,.489,.366,.197,3.4,14.4,8.8,4.6,1.7,2.4,8.3,14.1,0.0,0.4,0.3,.032,-2.8,-0.6,-3.4,-0.2,bateske01,2019
Nicolas Batum 2019,SF,30,CHO,75,2354,11.9,.581,.530,.158,3.2,14.9,8.9,14.5,1.5,1.6,16.3,13.2,2.0,1.7,3.7,.076,-0.7,0.4,-0.3,1.0,batumni01,2019
Jerryd Bayless 2019,PG,30,MIN,34,657,8.5,.431,.426,.122,1.8,8.4,5.0,24.6,1.3,0.3,11.7,17.6,-0.2,0.2,0.0,-0.003,-2.9,-1.7,-4.6,-0.4,bayleje01,2019
Aron Baynes 2019,C,32,BOS,51,821,14.0,.567,.274,.278,11.4,19.8,15.6,9.3,0.7,3.7,13.8,15.2,1.3,1.1,2.4,.139,-1.8,0.3,-1.5,0.1,baynear01,2019
Kent Bazemore 2019,SG,29,ATL,67,1643,11.9,.507,.434,.253,2.3,14.6,8.3,13.5,2.5,2.2,13.6,22.0,-0.7,1.4,0.7,.021,-2.5,0.2,-2.3,-0.1,bazemke01,2019
Bradley Beal 2019,SG,25,WAS,82,3028,20.8,.581,.370,.278,3.1,11.7,7.4,24.1,1.9,1.6,11.0,28.4,5.9,1.7,7.6,.120,3.8,-0.8,2.9,3.7,bealbr01,2019
Malik Beasley 2019,SG,22,DEN,81,1879,14.2,.599,.550,.090,2.0,9.5,5.8,7.5,1.4,0.5,6.7,18.7,2.9,1.6,4.5,.115,0.8,-0.7,0.1,1.0,beaslma01,2019
Michael Beasley 2019,PF,30,LAL,26,277,15.9,.532,.111,.255,4.9,17.2,11.2,14.8,1.5,3.0,13.7,29.5,-0.1,0.4,0.2,.039,-1.9,0.5,-1.5,0.0,beaslmi01,2019
Marco Belinelli 2019,SG,32,SAS,79,1815,11.9,.557,.572,.180,1.0,10.8,5.9,10.1,0.9,0.4,8.8,19.8,1.4,1.1,2.5,.065,-0.5,-1.2,-1.7,0.1,belinma01,2019
Jordan Bell 2019,C,24,GSW,68,788,12.9,.531,.010,.214,7.8,16.7,12.5,12.3,1.2,5.4,16.7,13.7,0.5,1.1,1.6,.096,-2.2,1.3,-0.9,0.2,belljo01,2019
DeAndre' Bembry 2019,SG,24,ATL,82,1931,10.8,.508,.281,.221,2.9,16.9,9.7,14.7,2.5,1.8,17.4,17.2,-0.9,1.7,0.9,.022,-3.3,0.8,-2.4,-0.2,bembrde01,2019
Dragan Bender 2019,PF,21,PHO,46,826,9.5,.521,.513,.274,4.5,20.3,12.3,9.4,1.0,2.2,14.4,13.4,0.0,0.4,0.5,.027,-3.4,-0.8,-4.1,-0.5,bendedr01,2019
Dairis Bertāns 2019,SG,29,NOP,12,167,2.0,.362,.723,.000,1.3,4.3,2.8,7.2,0.3,0.0,4.1,12.0,-0.2,0.0,-0.2,-0.054,-5.6,-3.2,-8.8,-0.3,bertada02,2019
Dāvis Bertāns 2019,PF,26,SAS,76,1632,13.0,.632,.746,.132,1.6,16.0,8.8,8.2,1.0,1.7,8.2,14.1,2.6,1.5,4.0,.118,1.1,0.2,1.3,1.4,bertada01,2019
Patrick Beverley 2019,PG,30,LAC,78,2137,11.8,.561,.591,.258,3.9,15.0,9.6,18.4,1.5,1.6,13.8,12.2,2.8,2.0,4.8,.108,-0.3,1.2,0.9,1.5,beverpa01,2019
Khem Birch 2019,C,26,ORL,50,643,19.2,.640,.007,.550,13.0,18.8,15.8,8.5,1.4,3.8,9.6,14.1,1.8,1.0,2.8,.212,0.1,1.0,1.2,0.5,birchkh01,2019
Bismack Biyombo 2019,C,26,CHO,54,783,14.4,.602,.000,.583,11.0,23.3,17.0,5.9,0.7,4.6,14.8,12.7,1.2,0.8,2.0,.125,-2.4,0.0,-2.5,-0.1,biyombi01,2019
Nemanja Bjelica 2019,PF,30,SAC,77,1788,15.4,.585,.433,.155,7.0,18.8,12.8,11.1,1.4,2.7,11.5,16.5,2.7,1.9,4.5,.122,0.4,0.5,0.9,1.3,bjeline01,2019
Antonio Blakeney 2019,SG,22,CHI,57,829,10.6,.487,.230,.192,0.9,13.1,6.9,8.2,0.7,0.9,7.5,24.5,-0.8,0.3,-0.5,-0.030,-2.4,-2.7,-5.2,-0.7,blakean01,2019
Eric Bledsoe 2019,PG,29,MIL,78,2272,19.3,.577,.388,.243,3.9,11.8,8.1,27.4,2.4,1.1,13.3,22.9,4.4,3.7,8.2,.173,1.9,1.2,3.1,2.9,bledser01,2019
Jaron Blossomgame 2019,SF,25,CLE,27,439,10.2,.510,.368,.123,6.3,19.1,12.4,4.2,0.8,1.6,9.0,12.2,0.2,0.1,0.3,.030,-1.9,-1.8,-3.8,-0.2,blossja01,2019
Bogdan Bogdanović 2019,SG,26,SAC,70,1947,14.1,.530,.431,.188,2.1,11.0,6.4,19.3,1.7,0.7,11.1,22.3,1.3,1.4,2.7,.067,-0.1,-0.6,-0.6,0.7,bogdabo01,2019
Bojan Bogdanović 2019,SF,29,IND,81,2573,16.1,.613,.367,.290,1.5,12.7,7.2,9.5,1.3,0.0,10.2,22.4,3.9,2.8,6.8,.126,1.3,-0.6,0.7,1.7,bogdabo02,2019
Andrew Bogut 2019,C,34,GSW,11,134,13.4,.523,.000,.083,10.0,32.8,21.9,10.6,1.1,5.0,17.7,14.5,0.1,0.2,0.3,.111,-3.7,0.8,-2.9,0.0,bogutan01,2019
Jonah Bolden 2019,PF,23,PHI,44,639,12.7,.595,.593,.167,8.0,19.0,13.7,8.5,1.3,4.8,17.2,13.8,0.5,0.9,1.4,.106,-1.8,1.1,-0.7,0.2,boldejo01,2019
Isaac Bonga 2019,PG,19,LAL,22,120,6.0,.240,.242,.455,7.9,13.5,10.8,14.9,3.5,2.7,13.2,15.7,-0.3,0.2,-0.1,-0.059,-7.0,2.2,-4.8,-0.1,bongais01,2019
Devin Booker 2019,SG,22,PHO,64,2242,20.2,.584,.330,.362,1.9,11.3,6.5,34.1,1.2,0.5,15.4,32.9,3.3,0.3,3.5,.076,3.3,-2.3,1.0,1.7,bookede01,2019
Chris Boucher 2019,PF,26,TOR,28,163,22.2,.563,.487,.197,10.9,25.8,18.5,1.9,1.8,12.2,7.8,23.6,0.2,0.4,0.7,.194,-0.2,2.8,2.6,0.2,bouchch01,2019
Avery Bradley 2019,SG,28,TOT,63,1905,7.6,.496,.403,.082,2.5,7.3,4.9,11.8,1.0,0.7,12.4,16.2,-0.6,1.0,0.3,.009,-2.8,-0.9,-3.7,-0.8,bradlav01,2019
Tony Bradley 2019,C,21,UTA,3,36,19.6,.504,.000,.125,27.6,17.7,22.6,4.5,2.7,4.4,15.1,23.6,0.0,0.1,0.1,.130,-3.6,-2.4,-6.0,0.0,bradlto01,2019
Corey Brewer 2019,SF,32,TOT,31,492,11.6,.532,.358,.350,5.4,10.7,8.0,10.2,3.0,1.2,11.8,13.6,0.4,0.6,1.0,.095,-2.9,1.6,-1.3,0.1,breweco01,2019
Mikal Bridges 2019,SF,22,PHO,82,2417,10.8,.556,.556,.210,2.5,9.7,6.0,9.8,2.5,1.3,10.2,12.2,1.7,1.2,2.9,.058,-2.0,0.4,-1.6,0.3,bridgmi01,2019
Miles Bridges 2019,SF,20,CHO,80,1696,13.1,.548,.391,.151,4.2,16.6,10.3,8.1,1.6,2.5,8.4,15.1,1.4,1.5,2.9,.083,-0.9,0.1,-0.8,0.5,bridgmi02,2019
Isaiah Briscoe 2019,PG,22,ORL,39,559,6.7,.455,.246,.188,0.9,13.4,7.1,21.0,1.0,0.3,17.2,14.1,-0.3,0.5,0.3,.023,-5.4,0.4,-5.0,-0.4,briscis01,2019
Ryan Broekhoff 2019,SG,28,DAL,42,453,10.7,.621,.738,.151,1.9,12.9,7.4,7.2,0.6,0.8,10.6,14.3,0.5,0.3,0.8,.086,-0.5,-0.5,-1.0,0.1,broekry01,2019
Malcolm Brogdon 2019,SG,26,MIL,64,1832,17.8,.614,.326,.203,3.8,11.7,8.0,16.2,1.2,0.6,10.0,20.7,4.2,2.3,6.5,.171,2.0,0.1,2.2,1.9,brogdma01,2019
Dillon Brooks 2019,SF,23,MEM,18,330,7.6,.499,.328,.246,3.0,7.6,5.3,7.6,1.5,1.1,12.3,20.9,-0.3,0.3,0.0,-0.004,-5.0,-1.2,-6.3,-0.4,brookdi01,2019
MarShon Brooks 2019,SG,30,MEM,29,387,11.6,.518,.320,.195,3.4,9.7,6.5,11.0,1.2,1.0,10.3,23.6,-0.2,0.3,0.1,.018,-1.9,-1.1,-3.0,-0.1,brookma01,2019
Bruce Brown 2019,SG,22,DET,74,1449,6.9,.469,.296,.191,3.5,10.7,7.0,8.8,1.4,2.1,11.9,11.5,-0.1,1.6,1.5,.048,-4.4,1.0,-3.3,-0.5,brownbr01,2019
Jaylen Brown 2019,SG,22,BOS,74,1913,13.5,.547,.348,.255,3.6,13.9,8.7,7.7,1.7,1.5,10.1,22.1,0.7,2.4,3.0,.076,-1.6,-0.4,-2.1,0.0,brownja02,2019
Lorenzo Brown 2019,PG,28,TOR,26,212,6.3,.380,.394,.042,2.6,12.9,7.9,17.3,2.7,2.0,18.1,17.9,-0.5,0.3,-0.1,-0.027,-5.4,1.9,-3.5,-0.1,brownlo01,2019
Sterling Brown 2019,SG,23,MIL,58,1034,10.9,.563,.471,.135,3.0,14.4,9.0,10.7,1.1,0.7,12.2,15.2,0.7,1.4,2.1,.098,-1.8,0.3,-1.5,0.1,brownst02,2019
Troy Brown Jr. 2019,SF,19,WAS,52,730,11.1,.487,.295,.201,5.1,16.6,10.8,14.9,1.4,0.6,10.5,16.5,0.2,0.4,0.6,.039,-1.7,-1.0,-2.7,-0.1,browntr01,2019
Jalen Brunson 2019,PG,22,DAL,73,1591,12.8,.549,.320,.212,1.7,9.6,5.7,22.6,1.1,0.2,12.5,19.1,1.5,1.0,2.6,.077,-1.2,-0.5,-1.7,0.1,brunsja01,2019
Thomas Bryant 2019,C,21,WAS,72,1496,21.0,.674,.197,.273,8.1,25.1,16.5,9.3,0.8,3.8,9.6,17.6,4.3,1.3,5.6,.178,2.3,-0.3,2.0,1.5,bryanth01,2019
Reggie Bullock 2019,SG,27,TOT,63,1879,10.5,.563,.662,.143,1.2,8.8,4.9,10.1,1.0,0.5,9.3,15.8,1.6,1.4,3.1,.078,-0.7,-0.4,-1.1,0.4,bullore01,2019
Trey Burke 2019,PG,26,TOT,58,1125,16.5,.524,.290,.226,2.6,6.7,4.6,24.1,1.4,0.5,7.5,24.8,1.4,0.5,1.9,.081,1.5,-1.4,0.1,0.6,burketr01,2019
Alec Burks 2019,SG,27,TOT,64,1375,12.7,.523,.354,.297,2.3,17.0,9.4,13.7,1.4,1.3,10.8,19.0,0.7,0.8,1.5,.052,-0.6,-0.7,-1.2,0.3,burksal01,2019
Deonte Burton 2019,SG,25,OKC,32,240,7.0,.470,.329,.146,1.7,10.7,6.0,5.0,1.2,2.8,9.3,16.3,-0.2,0.3,0.1,.027,-4.9,0.6,-4.3,-0.1,burtode02,2019
Jimmy Butler 2019,SF-SG,29,TOT,65,2185,20.2,.571,.213,.404,6.0,10.5,8.3,18.0,2.7,1.4,8.2,22.3,5.4,2.5,7.9,.173,2.8,0.9,3.7,3.2,butleji01,2019
Bruno Caboclo 2019,PF,23,MEM,34,800,12.4,.571,.578,.222,5.8,16.5,11.1,9.4,0.9,3.9,13.3,15.9,0.6,0.9,1.5,.090,-1.1,0.1,-1.1,0.2,cabocbr01,2019
José Calderón 2019,PG,37,DET,49,632,7.1,.453,.475,.092,1.8,8.8,5.2,24.9,1.2,0.4,21.9,10.9,0.0,0.5,0.6,.043,-4.2,0.3,-3.9,-0.3,caldejo01,2019
Kentavious Caldwell-Pope 2019,SG,25,LAL,82,2035,12.9,.568,.575,.209,2.5,9.4,6.0,7.5,1.7,0.5,7.3,18.1,2.3,1.8,4.0,.095,-0.3,-0.1,-0.5,0.8,caldwke01,2019
Isaiah Canaan 2019,PG,27,TOT,30,629,8.0,.518,.585,.146,1.0,9.2,5.1,18.2,1.1,0.3,16.7,14.2,0.0,0.1,0.1,.008,-2.7,-1.4,-4.1,-0.3,canaais01,2019
Clint Capela 2019,C,24,HOU,67,2249,23.8,.658,.000,.357,14.4,27.6,20.8,7.1,1.0,3.9,10.0,18.2,7.8,3.0,10.8,.230,3.3,-0.3,3.0,2.8,capelca01,2019
DeMarre Carroll 2019,PF,32,BRK,67,1703,12.1,.546,.539,.421,4.2,17.3,10.8,7.2,0.9,0.5,9.7,18.6,1.5,1.6,3.1,.088,-0.9,-0.6,-1.5,0.2,carrode01,2019
Jevon Carter 2019,PG,23,MEM,39,577,7.8,.432,.551,.173,2.7,10.3,6.4,17.4,2.2,1.8,14.2,18.0,-0.7,0.7,0.0,-0.003,-4.1,0.1,-4.0,-0.3,carteje01,2019
Vince Carter 2019,PF,42,ATL,76,1330,11.8,.565,.675,.141,2.4,13.2,7.7,9.3,1.5,1.8,8.8,16.7,1.2,0.7,1.9,.070,-0.4,-0.3,-0.7,0.5,cartevi01,2019
Wendell Carter Jr. 2019,C,19,CHI,44,1110,15.2,.541,.086,.302,8.4,21.8,15.0,10.7,1.1,4.5,13.4,19.1,0.7,1.2,1.9,.080,-2.2,0.6,-1.6,0.1,cartewe01,2019
Michael Carter-Williams 2019,PG,27,TOT,28,372,14.7,.458,.309,.431,5.4,15.0,10.1,26.5,2.6,3.4,12.0,19.4,0.2,0.6,0.8,.099,-1.4,2.2,0.8,0.3,cartemi01,2019
Alex Caruso 2019,PG,24,LAL,25,531,13.9,.569,.289,.370,4.0,9.0,6.5,19.7,2.1,1.4,17.3,19.0,0.5,0.6,1.0,.093,-1.0,0.7,-0.2,0.2,carusal01,2019
Omri Casspi 2019,SF,30,MEM,36,520,15.7,.606,.267,.360,3.6,21.5,12.4,8.1,1.9,1.6,11.0,18.0,0.6,0.7,1.3,.119,-0.3,0.7,0.4,0.3,casspom01,2019
Willie Cauley-Stein 2019,C,25,SAC,81,2213,18.0,.566,.003,.343,8.2,23.7,15.8,12.3,2.0,2.0,9.0,17.5,3.8,2.9,6.7,.146,0.2,1.1,1.2,1.8,caulewi01,2019
Troy Caupain 2019,PG,23,ORL,4,16,30.7,.625,.375,.000,6.6,13.6,10.0,42.5,3.1,0.0,0.0,21.8,0.1,0.0,0.1,.347,9.6,3.7,13.3,0.1,caupatr01,2019
Tyler Cavanaugh 2019,PF,24,UTA,11,39,5.0,.414,.500,.200,8.5,13.6,11.1,3.4,0.0,0.0,8.4,13.0,0.0,0.0,0.0,.026,-5.3,-3.1,-8.4,-0.1,cavanty01,2019
Tyson Chandler 2019,C,36,TOT,55,875,11.2,.630,.010,.879,11.1,25.3,18.3,5.3,1.1,2.2,23.4,8.5,0.9,1.2,2.1,.114,-2.9,0.8,-2.1,0.0,chandty01,2019
Wilson Chandler 2019,PF-SF,31,TOT,51,1177,8.5,.537,.579,.092,4.4,14.6,9.7,9.1,1.0,1.4,13.9,11.8,0.5,1.0,1.5,.062,-2.3,-0.5,-2.8,-0.2,chandwi01,2019
Joe Chealey 2019,PG,23,CHO,1,8,2.0,.333,.000,.000,0.0,0.0,0.0,17.7,0.0,0.0,0.0,16.2,0.0,0.0,0.0,-0.080,-8.5,-6.0,-14.6,0.0,chealjo01,2019
Chris Chiozza 2019,PG,23,HOU,7,33,7.0,.375,.625,.000,3.3,10.3,6.7,16.1,1.5,2.6,11.1,11.8,0.0,0.0,0.0,.023,-2.7,1.4,-1.3,0.0,chiozch01,2019
Marquese Chriss 2019,PF,21,TOT,43,499,9.2,.455,.400,.250,8.6,23.6,15.8,6.5,1.7,1.9,15.3,20.6,-0.6,0.4,-0.2,-0.023,-5.7,-1.9,-7.5,-0.7,chrisma01,2019
Gary Clark 2019,PF,24,HOU,51,641,9.2,.480,.914,.046,4.1,16.2,10.0,3.8,1.5,3.5,4.3,10.9,0.3,0.7,1.0,.071,-1.1,0.4,-0.7,0.2,clarkga01,2019
Ian Clark 2019,SG,27,NOP,60,973,8.3,.502,.527,.097,1.4,8.0,4.7,12.9,1.1,0.7,12.7,19.3,-0.4,0.3,-0.1,-0.003,-3.3,-1.8,-5.1,-0.8,clarkia01,2019
Jordan Clarkson 2019,SG,26,CLE,81,2214,16.8,.539,.377,.163,3.9,9.9,6.8,15.6,1.3,0.5,9.6,27.6,1.9,-0.1,1.8,.039,2.1,-2.6,-0.5,0.8,clarkjo01,2019
John Collins 2019,PF,21,ATL,61,1829,21.8,.627,.190,.320,12.3,22.1,17.1,11.0,0.6,1.8,11.2,23.7,5.0,1.0,6.0,.158,2.8,-1.9,0.9,1.3,collijo01,2019
Zach Collins 2019,C,21,POR,77,1356,13.5,.562,.303,.315,8.8,16.5,12.7,7.1,0.9,3.9,14.5,16.6,1.4,1.5,2.9,.104,-1.5,0.3,-1.2,0.3,colliza01,2019
Darren Collison 2019,PG,31,IND,76,2143,16.7,.574,.294,.288,1.9,9.9,6.0,29.9,2.5,0.4,14.4,17.7,3.9,2.9,6.8,.153,0.8,1.0,1.8,2.1,collida01,2019
Bonzie Colson 2019,SF,23,MIL,8,98,12.9,.454,.538,.231,8.8,21.5,15.5,4.0,2.4,0.9,6.5,19.6,0.0,0.2,0.2,.085,-2.6,-0.8,-3.5,0.0,colsobo01,2019
Mike Conley 2019,PG,31,MEM,70,2342,21.4,.569,.380,.363,1.9,9.7,5.7,33.4,2.0,0.9,9.1,27.3,5.7,2.3,8.0,.164,4.6,0.1,4.7,3.9,conlemi01,2019
Pat Connaughton 2019,SG,26,MIL,61,1261,13.6,.573,.571,.114,5.2,15.0,10.4,12.6,1.2,1.7,8.2,13.3,2.0,1.9,3.9,.149,0.3,0.8,1.2,1.0,connapa01,2019
Quinn Cook 2019,PG,25,GSW,74,1059,13.1,.565,.456,.059,2.3,13.0,7.9,15.2,0.9,0.2,10.0,20.2,1.0,0.8,1.8,.082,-0.5,-1.6,-2.1,0.0,cookqu01,2019
DeMarcus Cousins 2019,C,28,GSW,30,771,21.4,.562,.256,.388,6.2,27.0,17.1,20.4,2.5,4.8,14.2,28.1,0.9,1.5,2.4,.151,0.4,2.6,3.0,1.0,couside01,2019
Robert Covington 2019,SF,28,TOT,35,1203,13.3,.580,.622,.246,2.5,14.6,8.5,5.2,2.9,3.2,10.5,15.6,0.9,1.6,2.5,.100,-0.5,2.1,1.6,1.1,covinro01,2019
Allen Crabbe 2019,SG,26,BRK,43,1133,7.7,.519,.694,.150,1.5,12.2,6.9,5.8,1.0,0.9,10.4,16.4,-0.2,1.0,0.8,.035,-2.4,-0.4,-2.8,-0.2,crabbal01,2019
Torrey Craig 2019,SF,28,DEN,75,1503,10.4,.547,.519,.193,6.4,12.6,9.5,6.3,1.2,2.7,10.1,12.4,1.4,1.7,3.0,.096,-2.0,0.2,-1.9,0.0,craigto01,2019
Jamal Crawford 2019,SG,38,PHO,64,1211,11.7,.522,.461,.251,0.7,7.2,3.9,27.7,1.3,0.8,16.9,20.8,0.1,0.0,0.2,.006,-1.1,-2.8,-3.9,-0.6,crawfja01,2019
Mitch Creek 2019,SF,26,TOT,5,48,20.2,.550,.125,.438,13.2,13.1,13.2,18.6,2.0,0.0,5.0,17.6,0.1,0.0,0.2,.196,2.4,1.1,3.5,0.1,creekmi01,2019
Jae Crowder 2019,SF,28,UTA,80,2166,12.1,.538,.655,.247,3.1,15.9,9.6,8.9,1.4,1.1,8.8,19.1,1.3,3.1,4.4,.097,-0.3,0.6,0.3,1.2,crowdja01,2019
Dante Cunningham 2019,PF,31,SAS,64,928,10.2,.585,.411,.114,5.7,16.3,11.0,6.8,1.4,1.2,11.7,8.9,1.0,0.9,1.9,.097,-1.3,0.6,-0.6,0.3,cunnida01,2019
Seth Curry 2019,SG,28,POR,74,1399,11.4,.595,.540,.112,2.1,6.9,4.6,6.5,1.2,0.7,11.1,16.6,1.5,0.9,2.4,.082,-0.4,-0.7,-1.0,0.3,curryse01,2019
Stephen Curry 2019,PG,30,GSW,69,2331,24.4,.641,.604,.214,2.2,14.2,8.4,24.2,1.9,0.9,11.6,30.4,7.2,2.5,9.7,.199,7.1,-0.5,6.6,5.1,curryst01,2019
Troy Daniels 2019,SG,27,PHO,51,760,9.8,.558,.705,.084,1.9,8.9,5.3,5.0,1.6,0.5,8.7,17.6,0.2,0.1,0.3,.020,-1.7,-2.0,-3.7,-0.3,danietr01,2019
Anthony Davis 2019,C,25,NOP,56,1850,30.3,.597,.141,.422,9.9,27.5,18.8,19.0,2.2,6.0,8.4,29.5,6.4,3.1,9.5,.247,7.1,2.3,9.4,5.3,davisan02,2019
Deyonta Davis 2019,C,22,ATL,9,118,15.6,.682,.045,.455,8.7,23.7,16.0,5.8,1.2,3.7,10.2,10.1,0.3,0.1,0.4,.145,-1.5,-0.6,-2.0,0.0,davisde01,2019
Ed Davis 2019,C,29,BRK,81,1446,17.3,.632,.007,.536,15.8,34.6,25.2,6.0,1.2,1.8,14.6,12.7,3.3,2.5,5.7,.191,-0.6,0.7,0.0,0.7,davised01,2019
Tyler Davis 2019,C,21,OKC,1,1,0.0,.000,.000,.000,100.0,0.0,51.6,0.0,0.0,0.0,0.0,40.7,0.0,0.0,0.0,-0.471,-9.6,-31.1,-40.7,0.0,davisty01,2019
Dewayne Dedmon 2019,C,29,ATL,64,1609,16.0,.602,.413,.215,6.7,25.0,15.7,8.1,2.0,3.8,12.7,16.7,2.1,1.9,4.0,.119,-0.3,0.8,0.5,1.0,dedmode01,2019
Sam Dekker 2019,PF,24,TOT,47,788,13.3,.519,.242,.180,7.2,13.5,10.2,8.3,2.3,0.7,8.0,16.2,0.6,0.5,1.0,.064,-1.0,-0.7,-1.8,0.1,dekkesa01,2019
Ángel Delgado 2019,C,24,LAC,2,15,4.3,.255,.000,.400,14.6,13.7,14.1,0.0,3.1,0.0,0.0,16.5,0.0,0.0,0.0,-0.055,-7.0,-5.0,-12.0,0.0,delgaan01,2019
Matthew Dellavedova 2019,PG,28,TOT,48,812,11.1,.532,.537,.215,0.8,9.9,5.2,31.9,0.8,0.2,20.4,17.9,0.5,0.0,0.5,.028,-1.7,-2.8,-4.4,-0.5,dellama01,2019
Luol Deng 2019,SF,33,MIN,22,392,14.6,.588,.373,.297,5.4,14.6,10.0,6.5,1.8,1.7,9.5,15.8,0.5,0.3,0.8,.101,0.2,-0.3,0.0,0.2,denglu01,2019
DeMar DeRozan 2019,SG,29,SAS,77,2688,19.6,.542,.034,.336,2.2,16.4,9.4,27.6,1.6,1.1,11.7,27.9,3.6,2.6,6.3,.112,1.0,0.1,1.1,2.2,derozde01,2019
Marcus Derrickson 2019,PF,22,GSW,11,67,19.4,.653,.606,.152,13.3,7.6,10.4,2.2,0.0,1.3,7.9,24.4,0.2,0.0,0.2,.155,2.6,-5.3,-2.7,0.0,derrima01,2019
Cheick Diallo 2019,PF,22,NOP,64,896,17.5,.644,.015,.247,8.8,29.3,19.2,5.1,1.5,3.0,14.0,16.0,1.4,1.2,2.6,.140,-1.1,0.1,-0.9,0.2,diallch01,2019
Hamidou Diallo 2019,SG,20,OKC,51,526,10.1,.497,.145,.358,7.2,12.0,9.5,4.4,1.9,1.6,10.7,16.6,0.1,0.7,0.8,.069,-4.4,0.2,-4.2,-0.3,diallha01,2019
Gorgui Dieng 2019,C,29,MIN,76,1031,18.1,.572,.149,.281,8.3,24.1,16.1,10.3,2.2,3.4,11.9,19.6,1.5,1.3,2.8,.132,-0.3,0.9,0.6,0.7,dienggo01,2019
Spencer Dinwiddie 2019,PG,25,BRK,68,1914,16.3,.580,.447,.430,1.4,7.6,4.6,25.6,1.0,0.7,13.4,24.9,3.5,1.4,4.8,.121,1.4,-0.8,0.6,1.3,dinwisp01,2019
Donte DiVincenzo 2019,SG,22,MIL,27,411,9.1,.507,.669,.097,4.2,11.4,8.0,9.7,1.5,1.2,12.8,15.1,0.0,0.6,0.6,.069,-2.8,0.6,-2.2,0.0,divindo01,2019
Luka Dončić 2019,SG,19,DAL,72,2318,19.6,.545,.433,.409,4.0,21.9,13.0,31.6,1.6,0.9,15.0,30.5,2.1,2.8,4.9,.101,3.6,0.3,3.9,3.4,doncilu01,2019
Tyler Dorsey 2019,SG,22,TOT,48,698,11.2,.509,.500,.231,4.2,13.7,8.9,12.4,1.0,0.3,8.5,19.7,0.2,0.4,0.6,.043,-1.4,-2.1,-3.5,-0.3,dorsety01,2019
Damyean Dotson 2019,SG,24,NYK,73,2004,10.8,.526,.490,.140,1.7,12.2,6.8,10.4,1.4,0.4,8.7,17.3,0.7,0.9,1.5,.037,-1.7,-0.9,-2.6,-0.3,dotsoda01,2019
PJ Dozier 2019,SG,22,BOS,6,51,16.0,.434,.381,.095,12.5,23.1,17.8,13.7,1.9,0.0,0.0,18.5,0.1,0.1,0.1,.125,-1.3,-0.6,-2.0,0.0,doziepj01,2019
Goran Dragić 2019,PG,32,MIA,36,991,13.9,.517,.379,.233,2.1,9.8,6.0,27.3,1.5,0.5,12.9,23.7,0.6,1.0,1.6,.079,-0.5,-0.6,-1.1,0.2,dragigo01,2019
Andre Drummond 2019,C,25,DET,79,2647,23.4,.555,.036,.392,16.8,34.7,25.4,7.2,2.5,4.4,12.4,22.9,4.1,5.9,10.0,.181,1.3,0.8,2.1,2.7,drumman01,2019
Jared Dudley 2019,PF,33,BRK,59,1220,7.8,.554,.632,.192,2.9,10.4,6.7,9.2,1.4,1.0,14.2,10.4,0.6,1.2,1.8,.070,-2.9,1.1,-1.8,0.1,dudleja01,2019
Kris Dunn 2019,PG,24,CHI,46,1389,12.4,.484,.190,.136,1.5,13.3,7.3,30.0,2.4,1.3,16.2,20.1,-0.5,1.2,0.6,.022,-2.8,0.2,-2.7,-0.2,dunnkr01,2019
Kevin Durant 2019,SF,30,GSW,78,2702,24.2,.631,.281,.366,1.4,17.5,9.8,26.2,1.0,2.6,12.3,29.0,8.6,2.9,11.5,.204,5.4,0.1,5.5,5.1,duranke01,2019
Trevon Duval 2019,PG,20,MIL,3,6,38.3,.833,.333,.000,0.0,16.0,8.5,59.0,0.0,0.0,0.0,20.9,0.1,0.0,0.1,.537,19.1,5.3,24.4,0.0,duvaltr01,2019
Vince Edwards 2019,SF,22,HOU,2,16,3.8,.375,1.000,.000,6.8,7.1,6.9,0.0,0.0,0.0,0.0,10.9,0.0,0.0,0.0,-0.014,-1.6,-4.8,-6.4,0.0,edwarvi01,2019
Henry Ellenson 2019,PF,22,TOT,19,259,13.1,.538,.400,.263,2.0,25.5,13.4,9.6,1.3,0.7,7.8,19.0,0.2,0.2,0.4,.077,-1.0,-0.5,-1.5,0.0,ellenhe01,2019
Wayne Ellington 2019,SG,31,TOT,53,1297,11.8,.569,.814,.107,1.1,7.9,4.5,8.3,2.0,0.4,7.7,17.2,1.3,1.4,2.6,.097,-0.3,0.3,0.0,0.7,ellinwa01,2019
Joel Embiid 2019,C,24,PHI,64,2154,26.1,.593,.219,.541,8.1,34.0,21.4,18.4,1.0,4.4,13.2,33.3,4.9,3.8,8.7,.194,4.0,0.9,4.9,3.8,embiijo01,2019
James Ennis 2019,SF,28,TOT,58,1230,11.0,.590,.531,.276,5.3,10.9,8.1,4.7,1.6,1.6,9.3,12.7,1.6,1.0,2.6,.103,-1.4,-0.2,-1.5,0.1,ennisja01,2019
Drew Eubanks 2019,PF,21,SAS,23,113,15.1,.646,.000,.500,5.8,26.8,16.4,8.3,0.9,3.7,20.1,15.5,0.1,0.2,0.3,.120,-1.9,0.7,-1.3,0.0,eubandr01,2019
Jacob Evans 2019,SG,21,GSW,30,204,3.5,.374,.283,.019,3.3,9.5,6.5,13.7,1.2,1.2,17.1,13.5,-0.3,0.2,-0.1,-0.030,-6.9,-1.2,-8.2,-0.3,evansja02,2019
Jawun Evans 2019,PG,22,TOT,8,65,0.1,.214,.214,.000,1.7,19.0,10.2,19.7,2.2,0.0,30.0,13.2,-0.2,0.0,-0.2,-0.151,-10.4,0.1,-10.3,-0.1,evansja01,2019
Tyreke Evans 2019,SG,29,IND,69,1402,11.5,.483,.327,.242,2.7,13.0,7.9,17.5,2.0,1.1,13.9,26.4,-1.7,2.0,0.3,.010,-2.4,-0.3,-2.7,-0.2,evansty01,2019
Dante Exum 2019,PG,23,UTA,42,664,11.2,.516,.257,.357,2.7,8.3,5.5,24.1,1.0,0.6,15.7,21.3,0.2,0.7,1.0,.069,-2.0,-0.1,-2.1,0.0,exumda01,2019
Kenneth Faried 2019,C,29,TOT,37,728,21.6,.622,.094,.374,14.4,23.4,18.8,4.6,1.1,2.7,9.7,20.3,2.1,0.9,2.9,.193,1.3,-1.5,-0.2,0.3,farieke01,2019
Derrick Favors 2019,C,27,UTA,76,1766,21.8,.624,.126,.368,12.9,21.3,17.2,8.0,1.5,4.8,10.5,19.4,4.4,3.5,7.9,.215,1.8,1.5,3.3,2.4,favorde01,2019
Cristiano Felício 2019,C,26,CHI,60,746,13.4,.568,.022,.408,11.4,20.5,15.9,7.2,0.7,0.8,13.5,14.3,0.9,0.4,1.4,.088,-2.0,-2.1,-4.1,-0.4,feliccr01,2019
Raymond Felton 2019,PG,34,OKC,33,379,11.2,.505,.452,.096,1.1,8.4,4.6,18.7,1.2,1.3,9.0,16.6,0.3,0.4,0.7,.087,-1.7,0.4,-1.3,0.1,feltora01,2019
Terrance Ferguson 2019,SG,20,OKC,74,1931,6.4,.566,.673,.118,1.7,6.0,3.8,4.8,1.0,0.7,9.4,10.6,1.2,1.6,2.8,.070,-3.9,0.1,-3.8,-0.9,fergute01,2019
Yogi Ferrell 2019,PG,25,SAC,71,1067,12.7,.550,.423,.190,1.2,9.5,5.3,17.0,1.6,0.3,9.5,16.3,1.3,0.6,1.9,.087,-1.0,-0.4,-1.4,0.2,ferreyo01,2019
Dorian Finney-Smith 2019,SF,25,DAL,81,1985,11.0,.530,.481,.195,7.5,13.4,10.5,6.9,1.7,1.5,11.4,14.0,1.2,2.0,3.3,.079,-1.8,0.4,-1.4,0.3,finnedo01,2019
Bryn Forbes 2019,SG,25,SAS,82,2293,12.0,.586,.522,.099,0.9,10.4,5.7,10.6,1.0,0.1,8.8,17.4,2.5,1.3,3.8,.079,-0.3,-0.9,-1.2,0.5,forbebr01,2019
Evan Fournier 2019,SG,26,ORL,81,2553,12.3,.536,.421,.159,1.6,9.4,5.4,17.6,1.4,0.4,11.9,22.1,0.8,2.5,3.2,.061,-1.8,-0.6,-2.4,-0.3,fournev01,2019
De'Aaron Fox 2019,PG,21,SAC,81,2546,18.1,.544,.211,.378,1.7,10.8,6.2,33.2,2.4,1.5,15.0,24.5,3.2,2.5,5.6,.106,1.3,0.2,1.5,2.3,foxde01,2019
Melvin Frazier 2019,SG,22,ORL,10,44,1.2,.330,.286,.190,7.2,4.9,6.1,3.3,1.1,0.0,4.2,23.5,-0.2,0.0,-0.1,-0.133,-11.3,-3.2,-14.5,-0.1,frazime01,2019
Tim Frazier 2019,PG,28,TOT,59,1120,11.7,.544,.387,.207,3.9,11.5,7.7,27.6,1.2,0.4,21.1,13.3,1.3,0.7,2.0,.084,-1.4,-0.4,-1.8,0.1,fraziti01,2019
Jimmer Fredette 2019,SG,29,PHO,6,65,3.6,.348,.448,.207,1.7,10.4,6.0,17.5,2.2,0.0,13.6,24.2,-0.2,0.0,-0.2,-0.166,-8.4,-2.9,-11.3,-0.2,fredeji01,2019
Channing Frye 2019,C,35,CLE,36,341,8.9,.524,.675,.120,1.2,16.4,8.5,8.6,0.9,1.3,9.5,17.5,0.1,0.0,0.1,.016,-1.7,-1.8,-3.5,-0.1,fryech01,2019
Markelle Fultz 2019,SG,20,PHI,19,427,10.5,.452,.090,.239,6.6,10.6,8.7,19.5,1.9,0.9,12.7,19.3,-0.1,0.4,0.3,.035,-3.3,0.2,-3.1,-0.1,fultzma01,2019
Danilo Gallinari 2019,SF,30,LAC,68,2059,21.0,.633,.421,.459,2.9,18.1,10.7,13.2,1.1,0.9,8.5,23.8,6.4,1.8,8.2,.191,4.9,-0.5,4.3,3.3,gallida01,2019
Langston Galloway 2019,SG,27,DET,80,1745,10.7,.534,.647,.164,3.0,7.9,5.4,7.3,1.0,0.4,3.7,16.1,2.1,1.3,3.4,.094,-0.9,-0.6,-1.5,0.2,gallola01,2019
Billy Garrett 2019,SG,24,NYK,4,63,9.8,.452,.296,.148,0.0,5.1,2.5,18.0,0.8,1.3,6.5,20.9,0.0,0.0,0.0,-0.019,-3.9,-1.7,-5.5,-0.1,garrebi01,2019
Marc Gasol 2019,C,34,TOT,79,2436,16.7,.546,.314,.291,3.6,25.1,14.3,22.2,1.7,3.2,13.6,20.7,2.0,4.0,6.0,.118,0.8,2.3,3.1,3.1,gasolma01,2019
Pau Gasol 2019,C,38,TOT,30,360,16.7,.529,.138,.426,6.7,34.2,20.6,19.1,0.7,3.5,12.5,15.6,0.5,0.5,1.1,.142,1.0,2.1,3.1,0.5,gasolpa01,2019
Rudy Gay 2019,PF,32,SAS,69,1842,17.5,.583,.247,.197,3.8,23.9,13.9,14.7,1.4,1.6,12.3,22.1,2.2,2.2,4.4,.115,0.8,0.6,1.4,1.6,gayru01,2019
Paul George 2019,SF,28,OKC,77,2841,23.3,.583,.469,.335,3.7,19.6,11.4,17.7,2.8,1.0,10.0,29.5,7.0,4.9,11.9,.201,5.6,1.6,7.2,6.6,georgpa01,2019
Taj Gibson 2019,PF,33,MIN,70,1686,17.8,.612,.063,.330,10.8,18.3,14.5,7.3,1.5,2.0,10.6,17.2,3.7,1.4,5.1,.144,0.3,-0.4,-0.1,0.8,gibsota01,2019
Harry Giles 2019,PF,20,SAC,58,820,14.4,.526,.017,.261,8.1,20.1,14.0,15.2,1.8,2.3,15.8,23.2,0.0,1.0,1.0,.056,-3.4,0.4,-3.0,-0.2,gilesha01,2019
Shai Gilgeous-Alexander 2019,PG,20,LAC,82,2174,13.4,.554,.194,.272,2.9,8.3,5.7,17.8,2.1,1.6,15.0,18.3,1.5,1.9,3.3,.074,-0.9,0.4,-0.5,0.8,gilgesh01,2019
Rudy Gobert 2019,C,26,UTA,81,2577,24.6,.682,.000,.733,13.2,30.2,21.9,9.6,1.2,5.8,12.1,17.8,8.7,5.7,14.4,.268,3.0,2.5,5.4,4.8,goberru01,2019
Brandon Goodwin 2019,PG,23,DEN,16,57,8.3,.413,.261,.478,1.9,3.8,2.8,32.1,0.0,0.0,9.7,23.1,0.0,0.0,0.0,.021,-4.7,-4.8,-9.5,-0.1,goodwbr01,2019
Aaron Gordon 2019,PF,23,ORL,78,2633,15.1,.538,.332,.242,5.2,18.4,11.7,16.6,1.1,1.8,12.3,21.8,1.8,3.3,5.1,.093,0.3,0.3,0.6,1.7,gordoaa01,2019
Eric Gordon 2019,SG,30,HOU,68,2158,12.2,.549,.640,.162,0.9,6.9,3.8,9.4,0.9,1.1,8.2,22.0,1.7,1.0,2.6,.059,0.5,-1.8,-1.3,0.4,gordoer01,2019
Marcin Gortat 2019,C,34,LAC,47,751,12.8,.562,.000,.258,9.8,26.5,18.4,12.0,0.4,2.5,19.4,14.4,0.6,0.8,1.4,.089,-1.7,0.4,-1.3,0.1,gortama01,2019
Devonte' Graham 2019,PG,23,CHO,46,676,10.3,.459,.560,.213,1.6,8.6,5.0,24.8,1.7,0.3,11.3,17.0,0.2,0.3,0.5,.035,-2.6,-1.3,-4.0,-0.3,grahade01,2019
Treveon Graham 2019,SG,25,BRK,35,715,6.1,.458,.670,.115,3.4,12.3,7.9,6.5,0.9,0.8,7.8,12.8,-0.1,0.6,0.5,.033,-3.7,0.0,-3.7,-0.3,grahatr01,2019
Jerami Grant 2019,PF,24,OKC,80,2612,13.8,.592,.356,.269,3.7,13.1,8.2,4.2,1.1,3.2,6.8,15.4,4.0,3.3,7.3,.134,-0.4,0.6,0.2,1.5,grantje01,2019
Jerian Grant 2019,PG,26,ORL,60,939,10.8,.526,.500,.182,2.1,9.1,5.6,22.4,2.3,0.5,17.7,13.4,0.5,1.1,1.7,.085,-2.9,1.3,-1.6,0.1,grantje02,2019
Donte Grantham 2019,SF,23,OKC,3,2,-38.1,.000,1.000,.000,0.0,0.0,0.0,0.0,0.0,0.0,0.0,40.7,0.0,0.0,0.0,-0.946,-23.6,-14.0,-37.6,0.0,grantdo01,2019
Danny Green 2019,SG,31,TOR,80,2216,13.0,.632,.690,.070,3.0,12.2,7.7,7.7,1.6,2.0,10.4,14.1,3.0,2.9,5.9,.128,1.1,0.8,2.0,2.2,greenda02,2019
Draymond Green 2019,PF,28,GSW,66,2065,12.9,.526,.391,.216,3.2,20.8,12.4,26.8,2.2,2.8,26.8,13.1,1.1,3.2,4.3,.100,-1.3,2.7,1.4,1.8,greendr01,2019
Gerald Green 2019,SG,33,HOU,73,1473,11.4,.555,.763,.118,2.2,11.7,6.8,4.1,1.1,1.6,8.3,19.5,0.9,1.0,1.9,.061,-0.2,-1.5,-1.7,0.1,greenge01,2019
JaMychal Green 2019,PF,28,TOT,65,1371,14.7,.587,.370,.212,8.3,24.3,16.4,5.8,1.6,2.3,14.3,19.4,0.9,1.9,2.9,.101,-1.3,-0.4,-1.7,0.1,greenja01,2019
Jeff Green 2019,PF,32,WAS,77,2097,13.6,.608,.466,.300,2.9,13.3,8.0,9.2,1.0,1.6,11.5,17.8,2.8,0.8,3.6,.083,0.0,-1.4,-1.4,0.3,greenje02,2019
Blake Griffin 2019,PF,29,DET,75,2622,21.0,.581,.389,.410,4.0,20.1,11.8,27.1,1.0,0.9,13.8,30.2,5.1,2.9,8.0,.147,4.9,0.2,5.1,4.7,griffbl01,2019
Daniel Hamilton 2019,SG,23,ATL,19,204,7.1,.455,.383,.100,5.0,19.5,12.1,14.5,1.4,0.4,20.3,15.7,-0.2,0.1,-0.1,-0.024,-3.6,-0.5,-4.1,-0.1,hamilda02,2019
Dusty Hannahs 2019,SG,25,MEM,2,26,4.5,.311,.417,.167,0.0,4.4,2.2,28.8,1.9,0.0,7.2,23.9,-0.1,0.0,-0.1,-0.125,-6.5,-3.2,-9.7,-0.1,hannadu01,2019
Tim Hardaway Jr. 2019,SG,26,TOT,65,2057,13.6,.527,.480,.278,1.7,9.8,5.7,12.8,1.3,0.3,8.6,25.4,1.0,0.9,1.8,.043,-0.1,-2.0,-2.0,0.0,hardati02,2019
James Harden 2019,PG,29,HOU,78,2867,30.6,.616,.539,.449,2.5,17.8,10.0,39.5,2.7,1.7,14.5,40.5,11.4,3.8,15.2,.254,9.4,1.6,11.0,9.3,hardeja01,2019
Maurice Harkless 2019,SF,25,POR,60,1415,13.2,.547,.309,.188,5.9,14.1,10.1,7.1,2.3,3.0,9.7,13.9,1.5,1.9,3.4,.114,-1.0,1.7,0.7,1.0,harklma01,2019
Montrezl Harrell 2019,C,25,LAC,82,2158,23.4,.636,.019,.466,9.3,16.7,13.1,12.5,1.6,4.0,11.0,23.5,6.1,2.6,8.7,.193,2.6,0.7,3.3,2.9,harremo01,2019
Devin Harris 2019,PG,35,DAL,68,1071,10.7,.527,.576,.386,1.2,9.9,5.6,16.7,1.6,1.3,12.1,18.5,0.6,0.9,1.5,.068,-2.6,0.4,-2.2,-0.1,harride01,2019
Gary Harris 2019,SG,24,DEN,57,1639,12.2,.526,.380,.226,2.7,7.9,5.3,11.0,1.6,1.0,8.9,20.0,1.1,1.5,2.6,.076,-1.2,-0.4,-1.6,0.2,harriga01,2019
Joe Harris 2019,SG,27,BRK,76,2293,13.5,.645,.516,.178,2.4,10.9,6.7,11.9,0.8,0.6,13.0,17.0,3.8,1.7,5.5,.116,0.8,-0.3,0.5,1.4,harrijo01,2019
Tobias Harris 2019,PF,26,TOT,82,2847,17.2,.592,.313,.245,2.6,20.8,12.0,12.5,0.8,1.0,9.8,22.8,4.5,2.6,7.1,.120,2.1,-0.5,1.6,2.6,harrito02,2019
Andrew Harrison 2019,PG,24,TOT,17,187,5.8,.443,.472,.340,3.4,8.5,5.8,17.1,1.1,0.9,16.5,16.8,-0.1,0.0,-0.1,-0.027,-5.8,-1.2,-7.1,-0.2,harrian01,2019
Shaquille Harrison 2019,SG,25,CHI,73,1430,12.4,.494,.209,.289,2.5,14.5,8.4,14.1,3.0,1.8,11.1,16.5,-0.1,1.6,1.4,.048,-2.8,1.5,-1.3,0.2,harrish01,2019
Josh Hart 2019,SG,23,LAL,67,1715,9.3,.526,.591,.172,2.2,12.6,7.5,7.0,1.7,1.9,10.4,13.5,0.2,1.9,2.1,.059,-2.3,1.0,-1.3,0.3,hartjo01,2019
Isaiah Hartenstein 2019,PF,20,HOU,28,221,10.0,.562,.146,.341,10.3,13.3,11.8,9.4,1.6,4.6,21.6,11.8,0.2,0.3,0.5,.101,-5.1,1.2,-3.9,-0.1,harteis01,2019
Udonis Haslem 2019,C,38,MIA,10,74,3.6,.360,.364,.121,4.3,34.5,19.4,4.0,0.0,0.0,7.9,21.9,-0.2,0.1,-0.1,-0.075,-8.4,-2.4,-10.9,-0.2,hasleud01,2019
Gordon Hayward 2019,PF,28,BOS,72,1863,15.6,.575,.364,.294,2.9,15.5,9.2,18.4,1.6,1.1,12.8,19.0,2.6,2.3,4.9,.126,0.4,0.4,0.8,1.3,haywago01,2019
John Henson 2019,C,28,MIL,14,188,17.1,.553,.463,.149,9.2,28.0,19.2,10.1,1.7,4.9,14.4,18.6,0.1,0.4,0.6,.146,0.4,2.1,2.5,0.2,hensojo01,2019
Juan Hernangómez 2019,PF,23,DEN,70,1358,11.0,.580,.576,.274,5.1,16.1,10.6,5.3,1.0,1.6,9.5,12.2,1.6,1.4,3.0,.105,-0.9,-0.2,-1.1,0.3,hernaju01,2019
Willy Hernangómez 2019,C,24,CHO,58,812,20.4,.587,.132,.488,15.3,26.3,20.7,11.5,1.0,2.1,13.9,22.1,1.8,0.8,2.6,.153,1.1,-1.1,-0.1,0.4,hernawi01,2019
Mario Hezonja 2019,SF,23,NYK,58,1206,10.8,.497,.328,.246,2.4,18.7,10.4,11.5,2.3,0.6,14.6,21.3,-1.1,1.1,-0.1,-0.003,-3.5,-0.3,-3.8,-0.5,hezonma01,2019
Isaiah Hicks 2019,PF,24,NYK,3,32,17.4,.588,.000,.625,6.4,16.7,11.4,9.4,1.5,7.9,8.9,15.0,0.1,0.0,0.1,.153,-2.1,2.2,0.1,0.0,hicksis01,2019
Buddy Hield 2019,SG,26,SAC,82,2615,17.5,.587,.479,.142,4.1,12.4,8.1,11.9,1.0,1.1,9.2,25.1,4.3,1.6,5.9,.108,3.5,-1.4,2.1,2.7,hieldbu01,2019
Haywood Highsmith 2019,SF,22,PHI,5,40,4.5,.414,.500,.200,0.0,12.9,6.6,6.6,1.2,0.0,8.4,12.4,0.0,0.0,0.0,-0.023,-5.8,-2.4,-8.2,-0.1,highsha01,2019
Nenê 2019,C,36,HOU,42,546,11.9,.552,.026,.405,6.7,18.4,12.5,6.8,1.6,2.3,7.4,11.7,0.8,0.6,1.4,.123,-3.1,0.9,-2.2,0.0,hilarne01,2019
George Hill 2019,PG,32,TOT,60,1302,12.1,.554,.407,.226,3.2,8.3,5.9,14.0,1.9,0.5,11.0,15.1,1.5,1.3,2.8,.103,-1.9,0.5,-1.4,0.2,hillge01,2019
Solomon Hill 2019,SF,27,NOP,44,878,6.8,.497,.567,.180,4.1,11.5,7.8,7.6,1.2,0.9,13.9,10.4,0.1,0.4,0.5,.029,-3.1,-0.4,-3.6,-0.3,hillso01,2019
Aaron Holiday 2019,PG,22,IND,50,646,11.9,.518,.485,.191,0.9,10.4,5.8,19.3,1.6,1.8,12.3,21.9,0.1,0.8,0.9,.065,-1.7,0.1,-1.6,0.1,holidaa01,2019
Jrue Holiday 2019,SG,28,NOP,67,2402,19.4,.555,.313,.234,3.3,11.0,7.2,31.8,2.1,1.8,14.1,25.4,3.5,1.9,5.4,.108,3.1,-0.1,3.0,3.1,holidjr01,2019
Justin Holiday 2019,SG,29,TOT,82,2607,10.0,.520,.598,.136,1.9,11.9,6.8,8.1,2.3,1.2,11.2,15.7,-0.4,2.5,2.1,.038,-2.3,0.5,-1.8,0.1,holidju01,2019
John Holland 2019,SF,30,CLE,1,1,0.0,,,,0.0,0.0,0.0,0.0,0.0,0.0,,0.0,0.0,0.0,0.0,-0.032,-3.4,-1.6,-5.0,0.0,hollajo02,2019
Rondae Hollis-Jefferson 2019,SF,24,BRK,59,1234,12.5,.464,.101,.376,7.1,19.2,13.2,11.7,1.7,1.7,10.7,21.6,-0.5,1.7,1.2,.047,-3.0,0.4,-2.6,-0.2,holliro01,2019
Richaun Holmes 2019,C,25,PHO,70,1184,20.7,.647,.000,.479,10.6,20.5,15.5,7.9,1.7,5.6,10.5,17.9,3.1,1.1,4.3,.173,0.1,0.5,0.6,0.8,holmeri01,2019
Rodney Hood 2019,SG,26,TOT,72,1893,12.3,.545,.352,.231,1.4,7.9,4.6,10.0,1.5,0.5,6.9,18.1,2.1,0.5,2.6,.065,-1.2,-0.8,-2.0,0.0,hoodro01,2019
Al Horford 2019,C,32,BOS,68,1973,20.2,.605,.281,.131,6.5,18.3,12.4,21.2,1.4,3.9,11.8,18.9,4.5,2.9,7.5,.181,3.3,1.9,5.1,3.6,horfoal01,2019
Danuel House 2019,SF,25,HOU,39,979,12.2,.646,.706,.282,2.8,13.3,7.9,5.9,1.1,1.0,11.0,14.1,1.6,0.7,2.3,.113,0.1,-0.5,-0.5,0.4,houseda01,2019
Dwight Howard 2019,C,33,WAS,9,230,17.4,.638,.000,.696,11.1,28.3,19.6,2.6,1.4,1.5,15.1,19.6,0.4,0.2,0.6,.124,-1.3,-1.7,-3.0,-0.1,howardw01,2019
Kevin Huerter 2019,SG,20,ATL,75,2048,10.1,.533,.537,.085,3.0,9.7,6.3,14.5,1.5,1.1,13.8,15.7,0.7,0.7,1.5,.034,-1.6,-0.8,-2.4,-0.2,huertke01,2019
Isaac Humphries 2019,C,21,ATL,5,56,3.4,.357,.524,.000,7.4,13.4,10.3,0.0,0.8,0.0,0.0,15.2,-0.1,0.0,-0.1,-0.047,-6.2,-4.7,-11.0,-0.1,humphis01,2019
R.J. Hunter 2019,SG,25,BOS,1,26,21.5,.612,.769,.154,4.1,8.2,6.2,18.0,1.9,0.0,0.0,23.0,0.1,0.0,0.1,.226,3.2,0.4,3.6,0.0,hunterj01,2019
Chandler Hutchison 2019,SF,22,CHI,44,895,8.8,.507,.239,.182,3.7,18.9,11.2,5.3,1.2,0.6,10.0,12.2,0.0,0.6,0.6,.030,-3.4,-0.5,-3.9,-0.4,hutchch01,2019
Serge Ibaka 2019,C,29,TOR,74,2010,18.7,.582,.193,.202,8.6,23.2,16.1,7.7,0.7,4.3,10.7,22.9,2.8,3.3,6.1,.146,0.2,0.1,0.2,1.2,ibakase01,2019
Andre Iguodala 2019,SF,35,GSW,68,1578,13.1,.587,.477,.222,3.4,13.2,8.5,16.8,1.8,2.7,13.6,10.4,2.4,1.8,4.2,.129,0.1,1.7,1.8,1.5,iguodan01,2019
Ersan İlyasova 2019,PF,31,MIL,67,1231,11.6,.548,.420,.194,8.2,16.2,12.5,5.5,1.2,1.4,10.4,15.7,1.2,1.9,3.0,.119,-2.4,0.1,-2.3,-0.1,ilyaser01,2019
Joe Ingles 2019,PF,31,UTA,82,2568,13.4,.581,.602,.153,1.5,12.2,7.0,26.1,1.8,0.6,18.4,17.5,2.5,3.6,6.0,.113,0.3,1.1,1.4,2.2,inglejo01,2019
Andre Ingram 2019,SG,33,LAL,4,15,-11.9,.000,.500,.000,7.0,6.7,6.9,0.0,3.1,0.0,14.3,19.3,-0.1,0.0,-0.1,-0.408,-14.8,-4.8,-19.6,-0.1,ingraan01,2019
Brandon Ingram 2019,SF,21,LAL,52,1760,13.4,.555,.129,.396,2.5,13.0,7.8,12.9,0.7,1.4,13.1,23.2,0.6,1.4,2.0,.055,-1.3,-0.7,-2.0,0.0,ingrabr01,2019
Kyrie Irving 2019,PG,26,BOS,67,2214,24.3,.592,.350,.197,3.4,12.7,8.1,35.0,2.2,1.4,11.3,29.6,6.2,2.9,9.1,.197,6.0,1.1,7.2,5.1,irvinky01,2019
Jonathan Isaac 2019,PF,21,ORL,75,1996,13.0,.537,.435,.221,5.2,17.0,11.0,5.7,1.4,4.1,10.1,16.3,0.9,3.1,4.0,.096,-1.4,1.0,-0.4,0.8,isaacjo01,2019
Wesley Iwundu 2019,SF,24,ORL,68,1233,8.7,.531,.288,.376,3.2,13.0,8.0,7.9,1.1,1.5,12.1,12.8,0.5,1.4,1.9,.073,-3.8,0.6,-3.2,-0.4,iwundwe01,2019
Demetrius Jackson 2019,PG,24,PHI,6,39,21.0,.656,.400,.267,5.6,2.6,4.1,19.6,2.4,0.0,5.6,19.1,0.2,0.0,0.2,.231,3.6,0.9,4.5,0.1,jacksde01,2019
Frank Jackson 2019,PG,20,NOP,61,1169,9.4,.517,.378,.163,2.2,9.5,5.9,8.0,1.0,0.1,9.1,18.5,0.1,0.4,0.4,.018,-2.9,-1.7,-4.6,-0.8,jacksfr01,2019
Jaren Jackson Jr. 2019,PF,19,MEM,58,1515,16.4,.591,.241,.334,5.3,15.0,10.1,7.2,1.7,5.1,12.7,22.8,1.2,2.2,3.3,.105,-1.2,1.0,-0.3,0.7,jacksja02,2019
Josh Jackson 2019,SG,21,PHO,79,1988,10.6,.487,.268,.253,3.6,15.9,9.7,14.1,1.8,2.3,15.6,23.9,-2.8,1.1,-1.7,-0.040,-3.3,-1.2,-4.6,-1.3,jacksjo02,2019
Justin Jackson 2019,SF,23,TOT,81,1614,11.3,.561,.505,.163,2.8,11.0,6.9,8.1,0.9,0.7,5.3,14.3,2.0,0.9,2.9,.086,-0.8,-0.8,-1.6,0.2,jacksju01,2019
Reggie Jackson 2019,PG,28,DET,82,2289,15.2,.547,.450,.225,2.1,8.5,5.2,24.7,1.2,0.3,11.4,24.5,3.1,1.9,5.0,.105,1.3,-0.9,0.4,1.4,jacksre01,2019
LeBron James 2019,SF,34,LAL,55,1937,25.6,.588,.299,.382,3.1,21.3,12.4,39.4,1.7,1.4,13.3,31.6,4.7,2.6,7.2,.179,6.4,1.7,8.0,4.9,jamesle01,2019
Amile Jefferson 2019,PF,25,ORL,12,68,21.1,.692,.000,.500,9.3,24.0,16.5,6.4,2.2,3.7,4.9,13.1,0.2,0.1,0.4,.258,0.5,2.0,2.5,0.1,jeffeam01,2019
John Jenkins 2019,SG,27,TOT,26,333,9.7,.536,.552,.171,1.8,10.0,5.8,9.9,0.0,0.5,7.4,15.7,0.2,0.0,0.2,.031,-1.0,-2.4,-3.4,-0.1,jenkijo01,2019
Jonas Jerebko 2019,PF,31,GSW,73,1218,13.5,.588,.530,.225,6.6,18.1,12.6,10.1,1.1,1.2,9.9,15.2,2.1,1.2,3.3,.130,-0.3,-0.4,-0.7,0.4,jerebjo01,2019
Alize Johnson 2019,PF,22,IND,14,64,6.3,.333,.125,.500,7.1,25.5,16.5,2.0,0.8,4.2,0.0,13.3,-0.1,0.1,0.0,.027,-5.7,-2.0,-7.7,-0.1,johnsal02,2019
Amir Johnson 2019,C,31,PHI,51,529,13.1,.574,.255,.261,9.7,19.5,14.7,16.0,1.4,1.9,20.5,17.4,0.4,0.7,1.1,.098,-2.9,0.6,-2.3,0.0,johnsam01,2019
B.J. Johnson 2019,SF,23,TOT,7,49,12.8,.609,.389,.111,4.2,13.2,8.6,0.0,1.9,0.0,9.6,17.4,0.0,0.0,0.1,.066,-2.3,-2.0,-4.3,0.0,johnsbj01,2019
James Johnson 2019,PF,31,MIA,55,1164,10.9,.522,.393,.185,2.0,14.1,8.0,17.0,1.5,2.1,15.3,17.8,0.0,1.5,1.5,.062,-2.4,1.1,-1.2,0.2,johnsja01,2019
Stanley Johnson 2019,SF,22,TOT,66,1208,9.6,.485,.489,.145,3.0,16.9,9.7,10.6,2.4,1.0,14.7,19.4,-1.1,1.6,0.5,.021,-3.1,0.9,-2.2,0.0,johnsst04,2019
Tyler Johnson 2019,PG,26,TOT,57,1529,12.4,.532,.494,.241,2.4,9.8,6.1,15.9,1.7,1.6,11.7,18.5,0.9,1.4,2.3,.071,-0.7,0.3,-0.4,0.6,johnsty01,2019
Wesley Johnson 2019,SF,31,TOT,38,534,5.5,.469,.594,.148,2.4,11.7,7.1,5.3,1.2,1.9,11.7,12.0,-0.3,0.3,0.0,.001,-4.3,-0.5,-4.8,-0.4,johnswe01,2019
Nikola Jokić 2019,C,23,DEN,80,2504,26.3,.589,.224,.292,9.8,27.6,18.7,37.0,2.1,1.9,15.4,27.4,7.5,4.3,11.8,.226,6.2,2.9,9.1,7.0,jokicni01,2019
Damian Jones 2019,C,23,GSW,24,410,15.3,.720,.000,.500,8.4,11.0,9.8,8.7,1.4,5.1,15.1,11.1,1.0,0.5,1.5,.173,-0.6,1.7,1.1,0.3,jonesda03,2019
Derrick Jones Jr. 2019,SF,21,MIA,60,1153,14.0,.559,.281,.377,8.8,13.3,11.1,4.7,1.9,3.3,10.2,15.6,1.2,1.7,2.9,.121,-1.5,1.0,-0.5,0.4,jonesde02,2019
Jalen Jones 2019,SF,25,CLE,16,214,11.7,.548,.452,.435,5.5,12.5,8.8,4.8,2.1,0.8,9.8,16.7,0.2,0.1,0.3,.056,-2.3,-1.9,-4.3,-0.1,jonesja04,2019
Jemerrio Jones 2019,SF,23,LAL,6,143,12.1,.398,.303,.061,11.8,23.4,17.7,11.4,2.3,2.9,12.9,11.3,0.0,0.2,0.2,.084,-2.2,2.4,0.2,0.1,jonesje01,2019
Terrence Jones 2019,PF,27,HOU,2,5,-15.8,.225,.500,.250,0.0,90.3,44.2,0.0,0.0,0.0,18.4,47.2,-0.1,0.0,-0.1,-0.661,-24.7,-6.4,-31.1,0.0,joneste01,2019
Tyus Jones 2019,PG,22,MIN,68,1560,13.7,.491,.283,.155,1.6,7.7,4.6,28.3,2.5,0.3,9.0,14.1,2.1,0.9,3.0,.091,-0.9,0.3,-0.6,0.6,jonesty01,2019
DeAndre Jordan 2019,C,30,TOT,69,2047,19.0,.674,.000,.592,11.7,35.2,23.5,11.6,1.0,3.0,21.4,15.0,4.0,3.1,7.1,.167,0.8,1.3,2.1,2.1,jordade01,2019
Cory Joseph 2019,PG,27,IND,82,2063,11.0,.474,.312,.078,2.1,12.6,7.5,20.7,2.2,0.9,12.4,13.7,0.5,2.9,3.5,.081,-2.1,1.7,-0.4,0.9,josepco01,2019
Frank Kaminsky 2019,C,25,CHO,47,755,16.8,.587,.466,.359,5.5,18.1,11.7,12.9,0.8,1.4,10.6,22.1,1.3,0.5,1.8,.114,1.4,-1.1,0.3,0.4,kaminfr01,2019
Enes Kanter 2019,C,26,TOT,67,1640,22.3,.594,.050,.288,16.4,26.1,21.1,12.1,0.9,1.3,13.3,23.1,3.9,1.6,5.4,.159,2.5,-1.5,1.0,1.2,kanteen01,2019
Luke Kennard 2019,SG,22,DET,63,1437,11.9,.560,.517,.117,0.9,13.5,7.0,12.3,0.9,0.6,9.4,18.1,1.3,1.3,2.5,.085,-0.4,-0.6,-1.1,0.3,kennalu01,2019
Michael Kidd-Gilchrist 2019,PF,25,CHO,64,1179,13.3,.553,.142,.370,7.9,14.8,11.3,7.4,1.3,2.9,10.0,15.7,1.5,1.0,2.5,.100,-2.3,-0.1,-2.4,-0.1,kiddgmi01,2019
George King 2019,SF,25,PHO,1,6,1.9,,,,0.0,18.8,9.2,0.0,0.0,0.0,,0.0,0.0,0.0,0.0,-0.001,-5.8,-2.1,-7.9,0.0,kingge03,2019
Maxi Kleber 2019,PF,27,DAL,71,1502,13.1,.579,.565,.192,6.5,16.9,11.7,6.8,1.2,4.4,11.4,13.5,1.6,1.8,3.5,.111,-0.8,1.2,0.4,0.9,klebima01,2019
Brandon Knight 2019,PG,27,TOT,39,736,8.9,.484,.496,.131,1.4,7.7,4.4,14.4,1.4,0.2,9.8,18.1,-0.1,0.0,0.0,-0.002,-3.5,-2.0,-5.4,-0.6,knighbr03,2019
Kevin Knox 2019,PF,19,NYK,75,2158,8.7,.475,.398,.247,2.9,13.6,8.1,6.0,1.0,0.9,10.1,22.3,-2.2,0.9,-1.3,-0.030,-3.4,-2.3,-5.7,-2.0,knoxke01,2019
Furkan Korkmaz 2019,SG,21,PHI,48,679,11.5,.528,.588,.180,2.6,13.8,8.3,10.7,2.0,0.2,8.6,17.9,0.4,0.7,1.1,.079,-1.6,-0.2,-1.8,0.0,korkmfu01,2019
Luke Kornet 2019,PF,23,NYK,46,784,14.8,.531,.682,.163,3.6,14.6,9.0,10.5,1.7,4.5,7.6,17.9,0.6,0.7,1.4,.083,1.4,0.7,2.1,0.8,kornelu01,2019
Kyle Korver 2019,SG-PF,37,TOT,70,1334,11.2,.582,.720,.151,0.7,12.4,6.6,8.9,0.9,0.7,10.3,18.5,1.0,1.3,2.3,.082,-0.2,-0.3,-0.5,0.5,korveky01,2019
Kosta Koufos 2019,C,29,SAC,42,502,12.3,.477,.000,.157,10.4,26.3,18.2,9.5,1.4,3.1,14.2,15.7,0.0,0.7,0.7,.063,-3.6,0.2,-3.4,-0.2,koufoko01,2019
Rodions Kurucs 2019,SF,20,BRK,63,1294,11.0,.545,.410,.205,4.6,15.4,10.0,6.0,1.5,1.5,13.6,18.4,0.1,1.5,1.6,.059,-2.9,0.3,-2.6,-0.2,kurucro01,2019
Kyle Kuzma 2019,PF,23,LAL,70,2314,14.0,.546,.388,.230,2.7,14.1,8.5,11.5,0.8,0.9,10.0,23.8,1.2,1.9,3.1,.065,-0.2,-1.2,-1.4,0.4,kuzmaky01,2019
Skal Labissière 2019,PF,22,TOT,22,176,12.6,.593,.265,.347,5.4,20.3,12.8,8.6,1.4,2.8,16.3,16.0,0.1,0.2,0.3,.089,-2.9,-0.1,-3.0,0.0,labissk01,2019
Jeremy Lamb 2019,SG,26,CHO,79,2250,17.3,.552,.337,.266,3.1,18.1,10.4,11.9,1.9,1.2,6.8,22.5,3.3,2.0,5.3,.113,1.2,0.0,1.2,1.8,lambje01,2019
Zach LaVine 2019,SG,23,CHI,63,2171,18.7,.574,.283,.330,2.0,12.9,7.4,22.6,1.3,1.0,14.2,30.5,1.7,1.1,2.8,.062,2.4,-1.6,0.8,1.5,lavinza01,2019
Jake Layman 2019,SF,24,POR,71,1327,13.5,.594,.427,.167,4.6,12.6,8.7,5.6,1.1,1.8,9.2,15.9,1.9,1.2,3.1,.111,-0.1,-0.3,-0.5,0.5,laymaja01,2019
T.J. Leaf 2019,PF,21,IND,58,522,16.9,.572,.169,.169,9.3,17.1,13.3,6.9,0.8,3.2,5.8,17.5,0.9,0.7,1.6,.148,0.3,-0.6,-0.3,0.2,leaftj01,2019
Courtney Lee 2019,SG,33,TOT,34,428,10.3,.492,.426,.163,2.2,11.2,6.7,12.8,2.4,0.6,9.2,15.3,0.1,0.4,0.4,.050,-3.4,0.8,-2.5,-0.1,leeco01,2019
Damion Lee 2019,SG,26,GSW,32,375,11.9,.578,.535,.173,2.4,15.3,9.1,4.5,1.6,0.0,7.4,16.8,0.3,0.4,0.7,.090,-1.2,-1.1,-2.2,0.0,leeda03,2019
Walt Lemon Jr. 2019,PG,26,CHI,6,167,16.3,.468,.057,.126,2.6,15.1,8.8,30.3,3.2,0.5,9.8,26.6,-0.1,0.2,0.1,.026,-2.4,0.2,-2.2,0.0,lemonwa01,2019
Alex Len 2019,C,25,ATL,77,1544,17.2,.575,.315,.333,10.5,18.5,14.4,8.6,0.8,3.9,11.5,22.1,2.2,1.0,3.2,.100,0.0,-1.3,-1.2,0.3,lenal01,2019
Kawhi Leonard 2019,SF,27,TOR,60,2040,25.8,.606,.267,.377,4.2,18.6,11.6,16.4,2.5,1.0,8.4,30.3,6.1,3.4,9.5,.224,6.1,1.1,7.2,4.7,leonaka01,2019
Meyers Leonard 2019,C,26,POR,61,878,15.8,.675,.459,.211,6.1,21.8,14.2,11.8,0.7,0.8,14.0,14.8,2.1,0.9,3.0,.164,1.5,0.3,1.8,0.8,leoname01,2019
Jon Leuer 2019,PF,29,DET,41,402,13.2,.616,.097,.274,7.1,19.8,13.2,5.5,1.5,0.8,15.4,16.1,0.4,0.5,0.9,.110,-2.8,0.4,-2.5,0.0,leuerjo01,2019
Caris LeVert 2019,SF,24,BRK,40,1063,14.9,.509,.319,.255,3.5,11.4,7.5,23.2,1.9,1.0,11.4,24.0,0.5,1.2,1.7,.077,-0.3,0.5,0.2,0.6,leverca01,2019
Damian Lillard 2019,PG,28,POR,80,2838,23.7,.588,.419,.335,2.6,11.1,7.0,30.6,1.5,1.0,10.8,29.3,9.7,2.4,12.1,.205,6.6,-0.3,6.4,6.0,lillada01,2019
Jeremy Lin 2019,PG,30,TOT,74,1436,13.5,.558,.346,.388,1.6,11.7,6.6,23.4,1.5,0.8,16.4,21.8,1.2,0.9,2.1,.070,-1.4,-0.9,-2.2,-0.1,linje01,2019
Shaun Livingston 2019,PG,33,GSW,64,967,11.7,.555,.010,.243,4.9,7.9,6.5,14.8,1.5,2.3,14.1,12.0,1.2,0.9,2.0,.101,-1.7,0.7,-1.0,0.2,livinsh01,2019
Zach Lofton 2019,SG,26,DET,1,4,-10.0,.000,1.000,.000,0.0,0.0,0.0,0.0,12.3,0.0,50.0,21.6,-0.1,0.0,0.0,-0.447,-17.4,6.0,-11.5,0.0,loftoza01,2019
Kevon Looney 2019,C,22,GSW,80,1481,17.3,.636,.029,.303,14.6,15.4,15.0,10.9,1.5,3.0,11.5,12.8,4.2,1.8,6.0,.194,0.1,0.4,0.5,0.9,looneke01,2019
Brook Lopez 2019,C,30,MIL,81,2322,14.6,.597,.651,.169,1.5,15.0,8.7,5.7,1.0,6.5,8.9,16.7,2.3,4.3,6.7,.138,0.4,1.8,2.2,2.4,lopezbr01,2019
Robin Lopez 2019,C,30,CHI,74,1606,15.9,.598,.058,.230,9.4,10.0,9.7,8.8,0.3,4.2,14.0,18.6,2.0,0.7,2.7,.081,-0.6,-1.4,-1.9,0.0,lopezro01,2019
Kevin Love 2019,PF,30,CLE,22,598,19.5,.561,.519,.403,5.9,40.0,22.2,12.8,0.5,0.7,11.2,27.4,1.0,0.4,1.3,.106,3.3,-1.6,1.6,0.6,loveke01,2019
Kyle Lowry 2019,PG,32,TOR,65,2213,16.5,.562,.613,.263,2.1,12.9,7.6,34.8,2.0,1.2,18.1,19.6,3.6,3.0,6.6,.144,1.7,0.6,2.3,2.4,lowryky01,2019
Jordan Loyd 2019,PG,25,TOR,12,55,16.3,.635,.444,.611,2.0,15.3,8.8,15.1,0.0,0.0,8.1,19.4,0.2,0.0,0.2,.190,0.0,-0.9,-1.0,0.0,loydjo01,2019
Kalin Lucas 2019,PG,29,DET,1,6,16.6,.532,1.000,2.000,0.0,56.7,27.3,20.8,0.0,0.0,0.0,13.5,0.0,0.0,0.0,.238,-5.6,6.4,0.8,0.0,lucaska01,2019
Timothé Luwawu-Cabarrot 2019,SF,23,TOT,50,669,8.0,.489,.532,.188,1.7,14.1,7.8,5.5,1.4,1.0,8.2,16.6,-0.3,0.5,0.2,.015,-4.1,-1.1,-5.2,-0.5,luwawti01,2019
Tyler Lydon 2019,PF,22,DEN,25,94,9.3,.595,.556,.167,8.0,12.7,10.4,8.2,1.0,0.0,17.2,10.6,0.1,0.1,0.2,.086,-2.8,-1.4,-4.2,-0.1,lydonty01,2019
Trey Lyles 2019,PF,23,DEN,64,1120,12.7,.500,.404,.234,4.2,19.6,11.9,11.3,1.3,1.8,11.1,23.4,-0.2,1.4,1.2,.050,-1.8,-0.7,-2.4,-0.1,lylestr01,2019
Scott Machado 2019,PG,28,LAL,4,19,22.2,.776,.167,.167,0.0,0.0,0.0,23.5,2.4,0.0,0.0,14.0,0.1,0.0,0.1,.281,2.9,2.7,5.5,0.0,machasc01,2019
Shelvin Mack 2019,PG,28,TOT,57,1246,10.4,.489,.323,.208,1.6,7.9,4.7,22.6,1.9,0.3,13.0,18.1,-0.2,1.1,0.9,.034,-2.7,-0.4,-3.0,-0.3,macksh01,2019
Daryl Macon 2019,SG,23,DAL,8,90,5.5,.482,.407,.259,2.4,11.8,7.1,11.2,0.5,0.0,16.6,17.2,-0.1,0.0,0.0,-0.022,-5.3,-2.6,-7.9,-0.1,maconda01,2019
J.P. Macura 2019,SG,23,CHO,2,17,5.7,.333,.444,.000,0.0,19.4,9.5,18.0,0.0,0.0,0.0,22.8,0.0,0.0,0.0,-0.110,-4.7,-2.9,-7.7,0.0,macurjp01,2019
Ian Mahinmi 2019,C,32,WAS,34,498,12.0,.531,.154,.587,10.3,17.7,13.9,6.5,2.4,2.7,13.8,12.9,0.5,0.5,1.0,.092,-3.5,0.6,-3.0,-0.1,mahinia01,2019
Thon Maker 2019,C-PF,21,TOT,64,972,11.3,.530,.571,.313,4.5,17.4,11.0,6.3,1.0,4.4,9.8,14.8,0.5,1.5,2.0,.099,-2.2,1.0,-1.2,0.2,makerth01,2019
Boban Marjanović 2019,C,30,TOT,58,681,24.2,.664,.038,.504,14.0,26.9,20.6,12.8,1.1,3.1,15.7,23.3,2.1,0.9,3.0,.212,2.8,0.3,3.2,0.9,marjabo01,2019
Lauri Markkanen 2019,PF,21,CHI,52,1682,17.1,.553,.418,.245,4.7,25.9,15.2,7.2,1.1,1.7,8.8,25.1,1.3,1.5,2.7,.078,1.4,-1.5,-0.2,0.7,markkla01,2019
Jarell Martin 2019,PF,24,ORL,42,328,9.4,.528,.548,.106,3.5,20.5,11.9,7.8,0.4,2.0,9.2,15.9,0.1,0.4,0.5,.073,-3.7,-0.2,-3.9,-0.2,martija01,2019
Frank Mason III 2019,PG,24,SAC,38,435,12.4,.502,.379,.337,1.4,9.0,5.1,26.3,1.7,0.8,15.6,21.8,0.0,0.3,0.3,.033,-1.9,-1.3,-3.1,-0.1,masonfr01,2019
Yante Maten 2019,PF,22,MIA,2,13,5.7,.250,.250,.000,8.2,16.4,12.3,0.0,3.8,0.0,0.0,13.2,0.0,0.0,0.0,-0.026,-7.5,-1.6,-9.2,0.0,matenya01,2019
Wesley Matthews 2019,SF-SG,32,TOT,69,2091,10.3,.546,.577,.234,1.7,7.1,4.4,11.1,1.3,0.7,10.6,17.8,1.1,1.5,2.7,.062,-1.4,-0.5,-1.8,0.1,matthwe02,2019
Luc Mbah a Moute 2019,PF,32,LAC,4,61,6.7,.495,.333,.278,3.6,8.4,6.1,4.5,0.8,1.3,9.0,15.4,0.0,0.0,0.0,.009,-2.9,0.0,-3.0,0.0,mbahalu01,2019
Tahjere McCall 2019,SG,24,BRK,1,8,9.6,.581,.333,.333,0.0,13.1,6.6,0.0,0.0,0.0,0.0,18.1,0.0,0.0,0.0,.055,-6.0,-0.6,-6.6,0.0,mccalta01,2019
Patrick McCaw 2019,SG,23,TOT,29,397,7.5,.532,.444,.238,2.0,10.9,6.5,9.2,2.8,0.4,19.6,9.4,0.0,0.5,0.5,.065,-4.8,1.9,-3.0,-0.1,mccawpa01,2019
CJ McCollum 2019,SG,27,POR,70,2375,17.0,.553,.358,.154,2.9,9.7,6.3,13.8,1.1,0.9,7.4,25.5,4.0,1.7,5.6,.114,2.1,-1.0,1.0,1.8,mccolcj01,2019
T.J. McConnell 2019,PG,26,PHI,76,1470,13.4,.555,.100,.088,2.1,10.2,6.3,24.7,2.5,0.9,17.3,15.0,1.2,1.7,2.9,.094,-1.8,0.9,-0.9,0.4,mccontj01,2019
Doug McDermott 2019,SF,27,IND,77,1340,11.6,.617,.488,.187,1.4,7.5,4.5,7.1,0.7,0.5,8.4,16.3,1.8,1.1,2.9,.103,-0.5,-0.9,-1.4,0.2,mcderdo01,2019
JaVale McGee 2019,C,31,LAL,75,1671,21.8,.634,.019,.237,12.3,22.5,17.5,4.8,1.3,7.3,13.2,20.2,3.0,2.9,5.9,.171,0.3,1.2,1.4,1.4,mcgeeja01,2019
Rodney McGruder 2019,SG,27,MIA,66,1550,9.4,.510,.488,.156,4.1,12.2,8.2,10.3,1.1,0.7,11.5,15.4,0.4,1.6,1.9,.059,-2.2,-0.1,-2.3,-0.1,mcgruro01,2019
Alfonzo McKinnie 2019,SF,26,GSW,72,1003,11.2,.569,.429,.175,9.0,16.9,13.1,4.0,0.9,1.3,9.2,13.9,1.2,0.9,2.1,.100,-2.2,-1.3,-3.5,-0.4,mckinal01,2019
Ben McLemore 2019,SG,25,SAC,19,158,10.5,.541,.641,.188,1.9,9.4,5.5,3.4,1.8,1.6,6.7,19.4,0.1,0.1,0.2,.055,-2.1,-1.4,-3.5,-0.1,mclembe01,2019
Jordan McRae 2019,SG,27,WAS,27,333,14.3,.550,.269,.269,1.9,11.3,6.5,13.2,1.8,1.8,9.4,20.4,0.3,0.2,0.5,.066,-0.9,-0.8,-1.7,0.0,mcraejo01,2019
Jodie Meeks 2019,SG,31,TOR,8,104,16.0,.647,.462,.026,1.1,11.1,6.2,11.5,0.5,0.8,4.8,17.1,0.2,0.1,0.3,.153,1.4,-0.8,0.5,0.1,meeksjo01,2019
Salah Mejri 2019,C,32,DAL,36,399,16.1,.559,.304,.286,9.7,25.3,17.6,13.2,1.2,5.5,14.3,15.8,0.5,0.6,1.1,.136,-1.1,1.9,0.8,0.3,mejrisa01,2019
De'Anthony Melton 2019,PG,20,PHO,50,984,9.9,.466,.371,.109,2.8,12.5,7.5,22.3,3.3,1.9,21.8,15.0,-0.8,0.8,0.0,.002,-3.8,1.1,-2.7,-0.2,meltode01,2019
Chimezie Metu 2019,PF,21,SAS,29,145,6.4,.389,.034,.293,6.8,20.1,13.5,12.0,2.0,1.2,18.6,24.4,-0.5,0.2,-0.3,-0.099,-7.3,-1.4,-8.7,-0.2,metuch01,2019
Khris Middleton 2019,SF,27,MIL,77,2393,16.5,.558,.413,.225,2.3,16.5,9.8,20.1,1.6,0.2,12.1,25.1,2.5,3.6,6.1,.123,0.7,0.1,0.8,1.7,middlkh01,2019
C.J. Miles 2019,SF,31,TOT,53,856,9.0,.504,.653,.186,1.7,10.3,6.1,6.0,1.5,1.5,8.2,18.6,-0.2,0.9,0.7,.041,-2.4,-0.5,-2.9,-0.2,milescj01,2019
Darius Miller 2019,SF,28,NOP,69,1757,8.4,.550,.752,.147,0.8,6.6,3.8,10.4,1.1,1.1,10.3,13.4,1.1,0.6,1.6,.045,-2.1,-0.8,-2.9,-0.4,milleda01,2019
Malcolm Miller 2019,SF,25,TOR,10,67,13.7,.630,.808,.154,1.7,6.3,4.0,2.1,0.7,1.2,3.5,18.5,0.1,0.1,0.2,.130,1.2,-1.6,-0.5,0.0,millema01,2019
Patty Mills 2019,PG,30,SAS,82,1908,13.2,.572,.609,.155,1.4,8.9,5.2,17.6,1.3,0.4,11.6,18.5,2.2,1.2,3.5,.087,0.4,-0.8,-0.3,0.8,millspa02,2019
Paul Millsap 2019,PF,33,DEN,70,1895,17.9,.570,.239,.374,8.7,20.2,14.4,10.6,2.2,2.5,10.9,19.6,3.2,2.9,6.1,.155,0.7,1.0,1.7,1.8,millspa01,2019
Shake Milton 2019,SG,22,PHI,20,268,9.3,.483,.506,.080,3.7,10.0,6.9,9.2,1.4,2.3,6.2,15.0,0.1,0.3,0.3,.059,-2.6,-0.6,-3.2,-0.1,miltosh01,2019
Nikola Mirotić 2019,PF,27,TOT,46,1245,17.2,.584,.587,.229,5.1,22.6,14.0,6.2,1.2,2.2,7.4,21.4,2.0,1.4,3.5,.133,2.1,-0.6,1.5,1.1,mirotni01,2019
Donovan Mitchell 2019,SG,22,UTA,77,2598,17.2,.537,.339,.259,2.5,10.5,6.6,21.2,2.0,0.9,11.3,31.6,1.3,3.7,5.0,.092,1.2,0.1,1.3,2.2,mitchdo01,2019
Naz Mitrou-Long 2019,SG,25,UTA,14,84,2.2,.383,.550,.100,1.3,6.3,3.9,23.3,0.6,0.9,27.7,14.7,-0.2,0.1,-0.1,-0.046,-7.1,-1.6,-8.7,-0.1,mitrona01,2019
Malik Monk 2019,SG,20,CHO,73,1258,11.8,.518,.563,.174,1.3,10.6,5.9,14.3,1.4,1.3,12.0,24.6,-0.4,0.7,0.3,.012,-1.3,-1.7,-3.0,-0.3,monkma01,2019
Greg Monroe 2019,C,28,TOT,43,480,16.0,.521,.026,.381,15.4,22.9,19.3,8.1,1.4,1.4,12.7,22.6,0.4,0.7,1.1,.108,-2.0,-1.3,-3.2,-0.1,monrogr01,2019
E'Twaun Moore 2019,SG,29,NOP,53,1463,11.5,.567,.331,.111,2.5,6.4,4.5,9.5,1.3,0.4,9.6,17.3,1.2,0.5,1.7,.055,-1.2,-1.1,-2.3,-0.1,mooreet01,2019
Eric Moreland 2019,PF,27,TOT,5,43,6.7,.500,.143,.000,10.3,39.6,25.2,11.8,1.1,1.9,41.7,12.0,-0.1,0.1,0.0,.032,-6.7,2.0,-4.7,0.0,moreler01,2019
Jaylen Morris 2019,SG,23,MIL,4,29,12.2,.460,.300,.200,0.0,16.5,8.8,18.1,3.2,0.0,8.4,17.2,0.0,0.1,0.1,.084,-3.7,3.3,-0.4,0.0,morrija01,2019
Marcus Morris 2019,PF,29,BOS,75,2091,14.2,.568,.461,.205,3.9,19.5,11.7,7.5,1.0,1.1,9.1,20.9,2.1,2.5,4.5,.104,-0.2,-0.7,-0.9,0.6,morrima03,2019
Markieff Morris 2019,PF,29,TOT,58,1270,11.7,.521,.419,.190,5.0,17.5,11.1,8.8,1.3,1.5,9.3,19.1,0.6,1.1,1.6,.061,-2.1,-0.6,-2.7,-0.2,morrima02,2019
Monte Morris 2019,PG,23,DEN,82,1970,16.2,.577,.323,.115,1.9,8.8,5.3,21.7,1.8,0.2,6.6,17.1,4.4,1.8,6.2,.151,1.1,0.3,1.5,1.7,morrimo01,2019
Donatas Motiejūnas 2019,PF,28,SAS,3,13,-0.5,.436,.000,.333,16.9,8.3,12.6,11.9,0.0,6.5,30.4,33.5,-0.1,0.0,-0.1,-0.246,-19.4,-2.3,-21.7,-0.1,motiedo01,2019
Johnathan Motley 2019,PF,23,LAC,22,156,18.9,.563,.041,.548,12.6,21.7,17.3,11.7,1.5,1.5,15.0,28.8,0.1,0.2,0.3,.092,-1.2,-0.7,-1.9,0.0,motlejo01,2019
Emmanuel Mudiay 2019,PG,22,NYK,59,1607,14.6,.531,.284,.251,2.1,10.9,6.4,24.2,1.3,1.0,14.6,25.6,0.1,0.7,0.8,.023,-0.2,-1.8,-2.0,0.0,mudiaem01,2019
Jamal Murray 2019,PG,21,DEN,75,2447,16.0,.538,.353,.190,2.9,11.2,7.0,22.4,1.3,1.0,11.1,24.9,2.8,2.3,5.1,.100,1.4,-0.8,0.6,1.6,murraja01,2019
Džanan Musa 2019,SG,19,BRK,9,39,5.8,.415,.455,.091,2.7,10.7,6.7,8.6,2.4,0.0,14.9,29.0,-0.2,0.0,-0.1,-0.152,-6.3,-0.9,-7.2,-0.1,musadz01,2019
Mike Muscala 2019,PF,27,TOT,64,1306,10.8,.564,.709,.235,4.7,14.7,9.8,7.7,0.8,2.3,10.8,14.3,1.2,1.2,2.5,.091,-0.8,-0.3,-1.1,0.3,muscami01,2019
Sviatoslav Mykhailiuk 2019,SF,21,TOT,42,440,6.0,.447,.636,.143,2.2,6.2,4.2,10.9,1.5,0.2,12.4,16.0,-0.4,0.3,-0.1,-0.012,-3.9,-1.1,-5.0,-0.3,mykhasv01,2019
Abdel Nader 2019,SF,25,OKC,61,694,8.8,.522,.465,.167,2.0,15.7,8.6,3.8,1.3,1.5,10.1,15.1,0.0,0.9,0.9,.062,-3.6,0.3,-3.2,-0.2,naderab01,2019
Larry Nance Jr. 2019,C,26,CLE,67,1795,18.6,.583,.205,.280,10.0,24.9,17.1,17.8,2.8,1.9,15.3,15.5,3.3,1.6,4.9,.131,1.0,1.4,2.4,2.0,nancela02,2019
Shabazz Napier 2019,PG,27,BRK,56,983,15.3,.534,.524,.317,1.9,8.7,5.3,22.2,2.0,1.3,11.7,24.0,1.0,1.0,2.0,.098,0.9,0.6,1.5,0.9,napiesh01,2019
Raul Neto 2019,PG,26,UTA,37,474,13.5,.558,.373,.205,1.4,12.6,7.1,28.7,1.4,0.7,16.6,19.0,0.5,0.6,1.1,.116,-1.1,0.8,-0.3,0.2,netora01,2019
Georges Niang 2019,PF,25,UTA,59,516,13.0,.613,.580,.133,2.4,15.7,9.1,10.1,0.9,0.9,10.7,17.8,0.7,0.7,1.3,.123,-0.2,0.2,0.0,0.3,niangge01,2019
Joakim Noah 2019,C,33,MEM,42,693,18.6,.571,.005,.512,9.2,29.6,19.3,20.6,1.4,4.2,16.1,20.0,1.0,1.2,2.2,.150,-0.3,2.4,2.1,0.7,noahjo01,2019
Nerlens Noel 2019,C,24,OKC,77,1055,19.3,.608,.000,.286,12.1,20.0,15.9,5.9,2.9,7.7,13.4,13.8,1.9,2.5,4.3,.198,-1.2,3.3,2.1,1.1,noelne01,2019
Dirk Nowitzki 2019,PF,40,DAL,51,795,9.6,.469,.545,.133,0.7,20.5,10.6,6.9,0.5,1.9,4.3,22.5,-0.5,0.8,0.3,.016,-2.7,-1.2,-3.9,-0.4,nowitdi01,2019
Frank Ntilikina 2019,PG,20,NYK,43,904,6.0,.417,.408,.106,1.4,8.9,5.0,19.5,1.6,1.3,15.9,16.6,-1.3,0.4,-0.8,-0.045,-5.2,-0.8,-6.0,-0.9,ntilila01,2019
James Nunnally 2019,SF,28,TOT,15,102,7.3,.503,.735,.118,0.0,5.3,2.6,9.5,0.5,0.0,2.7,15.3,0.1,0.0,0.1,.035,-1.9,-2.9,-4.8,-0.1,nunnaja01,2019
Jusuf Nurkić 2019,C,24,POR,72,1974,23.4,.570,.035,.442,13.4,26.7,20.2,17.9,1.7,4.2,14.6,24.7,4.4,3.3,7.8,.189,2.1,1.7,3.7,2.8,nurkiju01,2019
David Nwaba 2019,SG,26,CLE,51,984,12.5,.558,.286,.324,4.4,14.4,9.2,8.1,1.8,1.5,8.8,14.6,1.1,0.3,1.4,.069,-1.8,-0.3,-2.1,0.0,nwabada01,2019
Royce O'Neale 2019,SF,25,UTA,82,1671,9.0,.589,.513,.122,1.5,16.7,9.2,10.0,1.5,1.1,16.2,11.0,0.7,2.5,3.3,.094,-2.6,2.1,-0.5,0.6,onealro01,2019
Kyle O'Quinn 2019,C,28,IND,45,371,16.8,.537,.088,.154,8.9,26.4,17.8,22.4,1.2,6.0,17.6,20.8,0.2,0.8,1.0,.125,-2.5,3.0,0.4,0.2,oquinky01,2019
Semi Ojeleye 2019,PF,24,BOS,56,594,8.5,.531,.563,.247,4.3,11.2,7.7,5.1,0.8,0.6,9.8,14.1,0.2,0.5,0.7,.057,-2.8,-1.2,-4.0,-0.3,ojelese01,2019
Jahlil Okafor 2019,C,23,NOP,59,935,17.9,.603,.014,.246,9.2,21.4,15.4,6.3,0.7,3.5,11.5,19.9,1.4,0.8,2.2,.115,-0.6,-0.9,-1.5,0.1,okafoja01,2019
Elie Okobo 2019,PG,21,PHO,53,958,7.6,.489,.455,.162,1.4,10.1,5.7,18.7,1.6,0.6,18.2,17.0,-0.7,0.2,-0.5,-0.027,-4.2,-1.5,-5.7,-0.9,okoboel01,2019
Josh Okogie 2019,SG,20,MIN,74,1757,9.4,.492,.423,.319,2.5,10.9,6.6,6.9,2.4,1.6,9.8,15.4,-0.1,1.4,1.2,.034,-3.5,0.4,-3.1,-0.5,okogijo01,2019
Victor Oladipo 2019,SG,26,IND,36,1147,17.6,.519,.367,.240,2.1,17.1,9.8,25.2,2.6,0.9,11.2,27.9,0.4,1.9,2.3,.097,1.8,1.2,2.9,1.4,oladivi01,2019
Kelly Olynyk 2019,PF,27,MIA,79,1812,14.4,.610,.566,.328,4.2,17.8,11.0,11.4,1.4,1.8,15.0,18.0,2.3,2.5,4.7,.126,-0.2,0.9,0.7,1.2,olynyke01,2019
Cedi Osman 2019,SF,23,CLE,76,2444,11.5,.536,.443,.214,2.0,14.8,8.1,12.1,1.2,0.4,11.0,18.6,1.2,0.2,1.5,.029,-1.4,-1.8,-3.2,-0.8,osmande01,2019
Kelly Oubre Jr. 2019,SF,23,TOT,69,1935,15.2,.551,.401,.290,4.0,14.6,9.2,6.8,2.1,2.5,9.8,23.2,0.9,1.3,2.2,.054,-0.3,-0.9,-1.2,0.4,oubreke01,2019
Zaza Pachulia 2019,C,34,DET,68,878,13.7,.539,.021,.642,11.9,21.5,16.5,14.7,1.7,1.6,18.7,15.0,1.1,1.3,2.3,.128,-2.8,1.6,-1.2,0.2,pachuza01,2019
Jabari Parker 2019,PF,23,TOT,64,1724,15.5,.560,.260,.246,4.9,21.8,13.3,14.1,1.3,1.5,15.4,24.6,0.1,1.3,1.4,.039,-0.7,-0.9,-1.5,0.2,parkeja01,2019
Tony Parker 2019,PG,36,CHO,56,1003,15.3,.512,.110,.268,1.5,7.6,4.5,33.3,1.0,0.6,12.7,25.5,0.6,0.3,0.9,.044,-0.3,-2.3,-2.6,-0.1,parketo01,2019
Chandler Parsons 2019,SF,30,MEM,25,496,8.5,.484,.516,.137,0.9,15.2,7.9,13.4,1.9,1.0,14.2,20.3,-0.6,0.6,0.0,-0.004,-3.9,-0.5,-4.4,-0.3,parsoch01,2019
Patrick Patterson 2019,PF,29,OKC,63,861,8.1,.493,.626,.137,4.9,13.0,8.8,4.6,0.9,1.3,8.7,12.0,0.2,0.9,1.1,.064,-2.0,-0.4,-2.5,-0.1,pattepa01,2019
Justin Patton 2019,C,21,PHI,3,21,10.5,.317,.286,.286,10.4,19.6,15.1,18.7,4.5,0.0,0.0,15.7,0.0,0.0,0.0,.079,-5.2,3.2,-2.0,0.0,pattoju01,2019
Chris Paul 2019,PG,33,HOU,58,1857,19.7,.560,.493,.282,2.1,13.9,7.9,39.3,3.0,0.8,15.8,22.5,4.4,2.2,6.6,.172,2.7,1.1,3.9,2.8,paulch01,2019
Cameron Payne 2019,PG,24,TOT,40,712,11.5,.519,.377,.184,2.0,9.2,5.5,21.8,1.9,1.1,15.7,17.6,0.1,0.3,0.5,.031,-2.3,-0.7,-3.0,-0.2,payneca01,2019
Elfrid Payton 2019,PG,24,NOP,42,1250,14.0,.502,.255,.180,4.1,14.0,9.1,33.5,1.6,1.1,20.1,18.3,0.6,0.9,1.5,.058,-0.7,-0.7,-1.4,0.2,paytoel01,2019
Gary Payton II 2019,PG,26,WAS,3,16,36.9,.688,.250,.000,6.7,6.9,6.8,45.1,8.9,5.3,11.1,23.8,0.1,0.0,0.1,.358,8.3,10.6,18.9,0.1,paytoga02,2019
Theo Pinson 2019,SG,23,BRK,18,211,8.1,.490,.630,.301,2.0,15.9,9.0,14.1,1.4,0.0,17.9,20.0,-0.2,0.2,0.0,.004,-3.6,0.4,-3.2,-0.1,pinsoth01,2019
Mason Plumlee 2019,C,28,DEN,82,1731,17.8,.602,.023,.448,10.3,22.5,16.4,19.5,1.9,3.9,19.2,16.2,2.9,2.9,5.8,.160,-0.5,2.6,2.1,1.8,plumlma01,2019
Miles Plumlee 2019,C,30,ATL,18,173,18.9,.654,.000,.625,9.5,14.3,11.8,14.7,1.6,2.0,14.0,16.7,0.4,0.1,0.5,.145,1.6,0.0,1.6,0.2,plumlmi01,2019
Jakob Poeltl 2019,C,23,SAS,77,1273,19.4,.640,.000,.317,15.4,19.7,17.6,10.0,1.1,4.5,12.7,13.1,3.5,1.6,5.1,.193,1.3,0.7,2.0,1.3,poeltja01,2019
Quincy Pondexter 2019,SF,30,SAS,53,292,13.2,.641,.310,.724,3.0,14.1,8.6,10.6,1.8,0.3,14.5,13.5,0.5,0.3,0.8,.128,-1.6,0.7,-0.9,0.1,pondequ01,2019
Otto Porter 2019,SF,25,TOT,56,1683,15.9,.569,.398,.149,3.4,17.0,10.1,10.6,2.3,1.6,8.7,19.1,1.8,1.5,3.2,.093,0.8,0.1,0.9,1.2,porteot01,2019
Bobby Portis 2019,PF,23,TOT,50,1299,16.1,.529,.304,.154,9.0,24.9,16.8,8.8,1.3,1.3,9.9,24.6,0.5,1.1,1.6,.060,-0.2,-2.3,-2.4,-0.1,portibo01,2019
Dwight Powell 2019,C,27,DAL,77,1662,20.4,.682,.261,.523,9.1,17.3,13.2,10.7,1.3,2.6,10.1,17.2,5.6,1.9,7.5,.215,2.0,0.9,2.9,2.1,poweldw01,2019
Norman Powell 2019,SG,25,TOR,60,1126,13.3,.596,.425,.188,1.6,11.5,6.7,11.6,1.7,1.0,13.1,19.0,1.0,1.4,2.4,.102,-0.9,0.2,-0.7,0.4,powelno01,2019
Alex Poythress 2019,PF,25,ATL,21,305,12.2,.571,.284,.358,9.8,16.6,13.1,7.7,0.6,2.8,12.2,14.2,0.4,0.2,0.5,.086,-2.5,-1.0,-3.5,-0.1,poythal01,2019
Zhou Qi 2019,PF,23,HOU,1,1,80.4,1.000,.000,.000,0.0,0.0,0.0,0.0,0.0,0.0,0.0,43.4,0.0,0.0,0.0,1.261,40.1,11.9,52.0,0.0,qizh01,2019
Ivan Rabb 2019,PF,21,MEM,49,721,16.1,.586,.071,.325,10.7,21.5,16.0,12.0,1.2,1.8,12.6,17.2,1.2,0.9,2.1,.137,-1.1,-0.3,-1.4,0.1,rabbiv01,2019
Chasson Randle 2019,PG,25,WAS,49,743,9.9,.555,.530,.286,1.4,6.8,4.1,17.5,1.6,0.3,15.0,16.4,0.4,0.2,0.6,.041,-2.7,-1.3,-4.0,-0.4,randlch01,2019
Julius Randle 2019,PF,24,NOP,73,2232,21.0,.600,.179,.447,7.6,21.6,14.7,15.8,1.1,1.6,13.8,27.8,4.2,1.9,6.1,.131,2.1,-0.6,1.5,2.0,randlju01,2019
J.J. Redick 2019,SG,34,PHI,76,2379,15.1,.602,.589,.248,0.9,7.2,4.1,12.9,0.6,0.6,8.1,21.9,4.6,1.2,5.9,.118,2.2,-2.0,0.2,1.3,redicjj01,2019
Davon Reed 2019,SG,23,IND,10,47,8.1,.500,.333,.000,4.8,9.2,7.1,8.5,1.0,0.0,7.7,12.1,0.0,0.0,0.1,.064,-3.3,-2.2,-5.5,0.0,reedda01,2019
Cameron Reynolds 2019,SG,23,MIN,19,259,10.4,.580,.654,.115,1.6,11.3,6.4,6.8,1.1,0.7,5.7,14.1,0.3,0.1,0.4,.078,-1.3,-1.2,-2.5,0.0,reynoca01,2019
Josh Richardson 2019,SG,25,MIA,73,2539,14.0,.536,.448,.225,2.3,8.8,5.5,17.9,1.5,1.2,9.1,20.9,3.0,2.6,5.6,.106,0.1,0.2,0.3,1.5,richajo01,2019
Malachi Richardson 2019,SG,23,TOR,22,103,0.9,.481,.862,.172,2.2,11.2,6.8,0.0,0.5,0.0,20.4,16.4,-0.2,0.1,-0.1,-0.060,-6.6,-2.1,-8.8,-0.2,richama01,2019
Austin Rivers 2019,SG,26,TOT,76,2028,7.7,.503,.572,.166,1.3,7.5,4.4,11.5,1.1,1.0,10.0,14.5,0.4,0.8,1.2,.028,-3.3,-1.0,-4.3,-1.1,riverau01,2019
Devin Robinson 2019,SF,23,WAS,7,95,20.6,.616,.063,.438,6.7,16.2,11.4,9.5,2.0,5.3,5.0,17.9,0.2,0.1,0.3,.175,0.8,1.1,1.9,0.1,robinde01,2019
Duncan Robinson 2019,PF,24,MIA,15,161,7.6,.514,.761,.130,1.3,11.2,6.3,4.4,1.5,0.0,7.6,14.0,0.0,0.2,0.2,.051,-3.4,0.0,-3.4,-0.1,robindu01,2019
Glenn Robinson III 2019,SF,25,DET,47,610,8.7,.511,.352,.227,2.9,10.0,6.4,5.1,1.1,1.1,8.5,15.0,0.1,0.6,0.7,.054,-2.8,-0.1,-3.0,-0.2,robingl02,2019
Jerome Robinson 2019,SG,21,LAC,33,320,7.2,.491,.518,.082,1.0,12.2,6.8,8.3,1.6,0.7,10.2,16.7,-0.2,0.3,0.1,.012,-4.2,-0.5,-4.7,-0.2,robinje01,2019
Mitchell Robinson 2019,C,20,NYK,66,1360,22.0,.692,.000,.464,13.3,19.4,16.3,4.2,1.8,10.0,9.1,12.1,4.0,2.2,6.1,.217,0.1,2.4,2.5,1.6,robinmi01,2019
Rajon Rondo 2019,PG,32,LAL,46,1369,12.1,.473,.329,.083,2.6,15.5,9.2,35.5,1.9,0.4,22.1,17.4,-0.2,1.5,1.3,.047,-1.7,0.2,-1.5,0.2,rondora01,2019
Derrick Rose 2019,PG,30,MIN,51,1392,19.5,.557,.194,.212,2.5,8.3,5.4,26.4,1.1,0.7,9.1,27.3,2.6,0.3,3.0,.102,3.2,-1.7,1.4,1.2,rosede01,2019
Terrence Ross 2019,SG,27,ORL,81,2150,15.4,.561,.551,.140,1.3,12.8,7.0,9.9,1.6,1.1,7.6,23.9,1.7,2.6,4.3,.095,1.1,-0.3,0.8,1.5,rosste01,2019
Terry Rozier 2019,PG,24,BOS,79,1791,12.9,.501,.506,.140,1.9,16.4,9.1,17.7,1.8,1.0,8.8,18.6,0.9,2.3,3.2,.086,-0.7,0.5,-0.2,0.8,roziete01,2019
Ricky Rubio 2019,PG,28,UTA,68,1899,14.0,.520,.348,.312,1.9,11.8,6.9,32.1,2.3,0.4,17.8,22.7,0.9,2.8,3.7,.095,-1.0,0.8,-0.2,0.9,rubiori01,2019
D'Angelo Russell 2019,PG,22,BRK,81,2448,19.4,.533,.419,.135,2.3,11.2,6.8,41.3,1.9,0.6,13.6,31.9,2.4,2.6,5.0,.097,4.0,-0.6,3.4,3.4,russeda01,2019
Domantas Sabonis 2019,C,22,IND,74,1838,21.9,.630,.024,.416,11.5,29.8,20.8,18.2,1.3,1.5,16.2,23.5,4.3,3.3,7.6,.197,1.9,1.3,3.1,2.4,sabondo01,2019
Brandon Sampson 2019,SG,21,CHI,14,214,8.5,.567,.483,.100,1.5,6.7,4.1,6.8,1.8,1.2,16.1,15.2,-0.1,0.1,0.0,.010,-3.9,-0.9,-4.7,-0.1,sampsbr01,2019
JaKarr Sampson 2019,SF,25,CHI,4,127,22.5,.633,.259,.389,4.2,23.4,13.7,5.3,1.5,2.0,5.9,23.1,0.3,0.1,0.5,.173,3.6,0.2,3.7,0.2,sampsja02,2019
Dario Šarić 2019,PF,24,TOT,81,2023,13.1,.563,.464,.216,6.6,17.5,12.1,8.8,1.1,0.4,11.3,17.8,2.3,1.2,3.5,.084,-0.3,-1.3,-1.6,0.2,saricda01,2019
Tomáš Satoranský 2019,PG,27,WAS,80,2164,14.1,.590,.306,.302,4.0,10.0,7.0,24.6,1.8,0.5,16.7,14.1,3.8,0.9,4.7,.104,-0.4,-0.3,-0.7,0.7,satorto01,2019
Dennis Schröder 2019,PG,25,OKC,79,2314,12.7,.508,.330,.206,1.6,11.3,6.3,20.4,1.3,0.4,12.5,24.2,0.4,2.4,2.9,.060,-1.3,-0.7,-2.0,0.0,schrode01,2019
Mike Scott 2019,PF,30,TOT,79,1395,8.6,.528,.600,.079,3.4,17.2,10.5,6.4,0.9,0.7,9.2,14.4,0.4,1.2,1.6,.053,-1.9,-0.7,-2.5,-0.2,scottmi01,2019
Thabo Sefolosha 2019,SF,34,UTA,50,609,12.1,.599,.523,.148,1.4,20.1,10.9,6.1,3.4,0.7,13.6,12.9,0.2,1.2,1.5,.115,-1.6,3.1,1.5,0.5,sefolth01,2019
Wayne Selden 2019,SG,24,TOT,75,1439,8.3,.491,.360,.190,2.8,11.0,6.9,11.3,1.1,0.8,13.1,18.4,-1.0,0.8,-0.3,-0.009,-3.8,-1.6,-5.4,-1.2,seldewa01,2019
Collin Sexton 2019,PG,20,CLE,82,2605,12.0,.520,.245,.211,2.3,8.0,5.0,15.3,0.8,0.2,12.3,25.2,-0.1,-0.5,-0.6,-0.011,-1.4,-3.3,-4.7,-1.8,sextoco01,2019
Landry Shamet 2019,SG,21,TOT,79,1802,11.0,.604,.711,.167,1.3,6.4,3.9,9.0,1.0,0.4,7.0,15.0,2.7,0.9,3.6,.095,-0.3,-1.3,-1.6,0.2,shamela01,2019
Iman Shumpert 2019,SG,28,TOT,62,1481,9.1,.499,.612,.101,1.9,11.4,6.5,9.9,1.9,1.4,9.7,14.5,0.1,1.2,1.4,.045,-2.4,0.5,-1.9,0.0,shumpim01,2019
Pascal Siakam 2019,PF,24,TOR,80,2548,18.7,.628,.226,.320,5.4,17.5,11.6,14.6,1.4,1.7,12.5,20.8,5.7,3.6,9.3,.175,1.6,0.8,2.4,2.8,siakapa01,2019
Jordan Sibert 2019,SG,26,ATL,1,4,29.7,1.500,1.000,.000,0.0,0.0,0.0,0.0,0.0,0.0,0.0,10.2,0.0,0.0,0.0,.183,13.7,2.2,16.0,0.0,siberjo01,2019
Ben Simmons 2019,PG,22,PHI,79,2700,20.0,.582,.006,.446,6.9,20.0,13.7,34.2,2.0,1.8,19.3,22.1,4.6,3.6,8.2,.146,2.2,1.3,3.6,3.8,simmobe01,2019
Jonathon Simmons 2019,SG-SF,29,TOT,56,1064,8.5,.466,.297,.277,2.7,10.0,6.3,16.7,1.3,1.2,14.8,18.7,-0.8,1.1,0.3,.013,-3.9,-0.3,-4.2,-0.6,simmojo02,2019
Kobi Simmons 2019,PG,21,CLE,1,2,0.0,,,,0.0,0.0,0.0,0.0,0.0,0.0,,0.0,0.0,0.0,0.0,-0.033,-7.4,-3.2,-10.6,0.0,simmoko01,2019
Anfernee Simons 2019,SG,19,POR,20,141,11.1,.535,.460,.254,2.3,7.4,4.9,13.7,0.3,0.0,13.6,24.3,0.0,0.0,0.1,.020,-1.5,-3.7,-5.3,-0.1,simonan01,2019
Marcus Smart 2019,SG,24,BOS,80,2200,13.1,.568,.610,.228,2.8,8.6,5.7,19.1,3.1,1.1,16.5,14.6,2.2,3.1,5.3,.116,-1.2,2.0,0.8,1.5,smartma01,2019
Dennis Smith Jr. 2019,PG,21,TOT,53,1508,12.3,.502,.320,.240,2.2,8.7,5.5,27.3,2.1,1.1,17.6,24.8,-1.2,1.2,0.0,.001,-1.6,-0.4,-1.9,0.0,smithde03,2019
Ish Smith 2019,PG,30,DET,56,1251,11.8,.485,.276,.127,1.9,11.1,6.3,25.4,1.1,0.7,10.6,19.9,0.5,1.1,1.7,.064,-1.6,-0.3,-2.0,0.0,smithis01,2019
J.R. Smith 2019,SG,33,CLE,11,222,7.8,.444,.494,.127,0.0,9.4,4.5,13.8,2.5,1.2,11.7,18.6,-0.3,0.1,-0.2,-0.038,-3.7,0.5,-3.2,-0.1,smithjr01,2019
Jason Smith 2019,PF-C,32,TOT,20,190,9.8,.492,.441,.271,9.0,20.2,14.6,9.7,0.7,3.1,16.4,17.5,0.0,0.2,0.2,.038,-3.7,-1.0,-4.7,-0.1,smithja02,2019
Zhaire Smith 2019,SG,19,PHI,6,111,9.5,.533,.471,.235,2.9,9.3,6.2,12.3,0.9,1.4,13.8,16.4,0.0,0.1,0.1,.048,-2.8,-2.2,-5.0,-0.1,smithzh01,2019
Tony Snell 2019,SF,27,MIL,74,1304,10.7,.585,.565,.116,2.4,9.4,6.1,6.7,0.9,1.2,5.7,12.9,1.6,1.6,3.2,.117,-1.0,0.3,-0.7,0.4,snellto01,2019
Ray Spalding 2019,PF,21,TOT,14,148,14.6,.516,.064,.255,11.1,25.1,18.0,5.1,2.9,4.5,14.7,17.8,0.0,0.2,0.2,.051,-4.3,-0.8,-5.1,-0.1,spaldra01,2019
Omari Spellman 2019,PF,21,ATL,46,805,12.4,.516,.525,.184,9.2,16.3,12.7,8.0,1.5,2.7,10.5,14.9,0.6,0.5,1.2,.070,-0.5,-0.7,-1.2,0.2,spellom01,2019
Nik Stauskas 2019,SG,25,TOT,68,1015,10.9,.545,.556,.189,1.9,11.7,6.8,11.1,1.0,0.6,12.2,17.6,0.6,0.5,1.1,.052,-0.7,-1.2,-1.9,0.0,stausni01,2019
D.J. Stephens 2019,SG,28,MEM,1,7,5.5,.500,.000,.000,0.0,0.0,0.0,0.0,7.1,0.0,33.3,19.1,0.0,0.0,0.0,-0.119,-7.1,1.6,-5.5,0.0,stephdj01,2019
Lance Stephenson 2019,SG,28,LAL,68,1123,11.8,.529,.456,.169,3.0,16.5,9.9,17.3,1.7,0.5,15.6,20.3,-0.1,1.2,1.1,.049,-1.6,0.1,-1.5,0.1,stephla01,2019
Edmond Sumner 2019,PG,23,IND,23,210,7.6,.443,.422,.375,4.9,7.8,6.3,6.3,2.8,2.1,11.8,17.6,-0.2,0.3,0.1,.020,-5.8,0.5,-5.3,-0.2,sumneed01,2019
Caleb Swanigan 2019,PF,21,TOT,21,178,4.7,.377,.132,.170,10.2,27.6,19.1,8.0,1.6,0.5,24.0,17.7,-0.5,0.2,-0.2,-0.060,-7.1,0.0,-7.2,-0.2,swanica01,2019
Jayson Tatum 2019,SF,20,BOS,79,2455,15.1,.547,.300,.220,3.0,17.7,10.4,10.0,1.6,2.1,9.7,22.1,1.6,3.4,5.0,.097,-0.4,0.2,-0.2,1.1,tatumja01,2019
Jeff Teague 2019,PG,30,MIN,42,1264,15.4,.528,.252,.368,1.3,7.7,4.5,37.6,1.6,1.2,16.7,19.3,1.7,0.5,2.2,.085,0.8,-1.2,-0.4,0.5,teaguje01,2019
Garrett Temple 2019,SG,32,TOT,75,2040,8.5,.543,.535,.217,1.5,10.2,5.8,7.4,1.8,1.4,11.5,13.2,0.3,2.0,2.2,.052,-3.3,0.5,-2.8,-0.4,templga01,2019
Miloš Teodosić 2019,PG,31,LAC,15,150,6.5,.557,.675,.175,2.2,8.9,5.7,28.8,0.9,0.5,32.8,18.0,-0.1,0.1,-0.1,-0.019,-3.8,-1.7,-5.4,-0.1,teodomi01,2019
Jared Terrell 2019,SG,23,MIN,14,111,0.7,.372,.436,.154,1.0,4.9,2.9,14.4,1.3,1.5,19.4,19.6,-0.4,0.0,-0.3,-0.140,-8.5,-2.3,-10.9,-0.2,terreja01,2019
Emanuel Terry 2019,PF,22,TOT,3,23,19.7,.571,.000,.571,14.1,19.6,16.8,12.2,6.2,0.0,18.6,20.1,0.0,0.0,0.1,.117,-0.2,2.4,2.3,0.0,terryem01,2019
Daniel Theis 2019,C,26,BOS,66,908,17.0,.624,.252,.286,10.2,16.2,13.2,10.5,1.1,4.1,9.9,15.8,2.3,1.3,3.5,.188,-0.8,0.9,0.0,0.5,theisda01,2019
Isaiah Thomas 2019,SG,29,DEN,12,181,7.0,.437,.434,.273,3.0,4.8,3.9,18.6,1.4,0.5,14.0,30.4,-0.4,0.1,-0.3,-0.077,-4.0,-2.5,-6.5,-0.2,thomais02,2019
Khyri Thomas 2019,SG,22,DET,26,195,6.2,.413,.507,.159,2.2,9.3,5.6,6.0,1.8,2.2,5.1,17.2,-0.2,0.2,0.0,.005,-4.9,-0.1,-5.0,-0.2,thomakh01,2019
Lance Thomas 2019,PF,30,NYK,46,783,6.4,.482,.401,.183,2.7,13.1,7.8,5.0,1.0,0.8,10.1,12.9,-0.3,0.3,0.1,.004,-4.8,-0.9,-5.7,-0.7,thomala01,2019
Klay Thompson 2019,SG,28,GSW,78,2652,16.6,.571,.427,.113,1.6,10.1,6.0,10.5,1.5,1.5,7.2,25.6,2.9,2.3,5.3,.095,1.1,-1.4,-0.3,1.2,thompkl01,2019
Tristan Thompson 2019,C,27,CLE,43,1198,18.4,.551,.000,.279,15.4,25.7,20.3,11.2,1.2,1.2,12.1,17.7,2.1,0.5,2.6,.105,1.4,-1.9,-0.5,0.4,thomptr01,2019
Sindarius Thornwell 2019,SG,24,LAC,64,313,5.2,.485,.306,.694,1.7,12.8,7.5,7.2,2.1,1.8,23.8,11.3,-0.3,0.3,0.0,.004,-5.8,1.0,-4.7,-0.2,thornsi01,2019
Anthony Tolliver 2019,PF,33,MIN,65,1079,8.6,.571,.830,.232,1.5,16.2,8.8,5.5,0.8,1.7,11.2,12.5,0.6,0.5,1.2,.052,-1.7,-0.7,-2.4,-0.1,tollian01,2019
Karl-Anthony Towns 2019,C,23,MIN,77,2545,26.3,.622,.270,.342,10.9,29.3,20.0,17.2,1.3,4.2,13.7,28.9,7.2,3.2,10.4,.197,5.4,0.6,6.0,5.1,townska01,2019
Gary Trent Jr. 2019,SG,20,POR,15,111,3.6,.377,.420,.140,1.0,9.4,5.3,6.2,0.4,1.4,7.0,21.7,-0.3,0.1,-0.2,-0.092,-6.6,-4.2,-10.8,-0.2,trentga02,2019
Allonzo Trier 2019,SG,23,NYK,64,1459,12.2,.564,.255,.431,2.2,12.2,7.1,12.9,0.9,0.8,15.8,21.5,0.4,0.5,0.9,.030,-1.6,-1.5,-3.1,-0.4,trieral01,2019
P.J. Tucker 2019,PF,33,HOU,82,2802,9.2,.547,.740,.113,4.7,14.4,9.5,4.6,2.3,1.2,10.3,9.5,2.0,3.0,5.0,.086,-1.6,1.0,-0.6,1.0,tuckepj01,2019
Evan Turner 2019,PG,30,POR,73,1605,11.6,.504,.117,.239,2.5,18.9,10.9,23.6,1.0,0.9,18.9,15.9,0.5,1.5,2.0,.060,-1.8,0.5,-1.3,0.3,turneev01,2019
Myles Turner 2019,C,22,IND,74,2119,18.0,.567,.251,.258,5.4,22.0,13.9,8.0,1.4,8.4,10.3,20.0,1.9,4.4,6.3,.144,0.0,2.4,2.5,2.4,turnemy01,2019
Ekpe Udoh 2019,C,31,UTA,51,320,20.9,.698,.000,.417,9.3,20.9,15.2,12.8,1.5,7.7,13.2,13.1,0.9,0.7,1.6,.238,0.8,3.9,4.7,0.5,udohek01,2019
Tyler Ulis 2019,PG,23,CHI,1,1,0.0,,,,0.0,0.0,0.0,0.0,0.0,0.0,,0.0,0.0,0.0,0.0,-0.015,-7.7,-2.7,-10.4,0.0,ulisty01,2019
Jonas Valančiūnas 2019,C,26,TOT,49,1091,24.4,.616,.089,.344,10.7,31.4,21.1,12.0,0.8,4.4,12.7,28.5,2.2,1.9,4.2,.183,2.2,0.4,2.6,1.3,valanjo01,2019
Jarred Vanderbilt 2019,PF,19,DEN,17,69,12.4,.513,.053,.526,10.9,25.2,18.0,5.9,4.3,1.3,25.5,19.4,-0.1,0.1,0.1,.037,-5.2,1.0,-4.2,0.0,vandeja01,2019
Fred VanVleet 2019,PG,24,TOR,64,1760,13.7,.539,.493,.192,1.3,8.7,5.1,23.9,1.6,0.9,11.2,17.9,2.4,1.9,4.3,.117,0.4,0.1,0.5,1.1,vanvlfr01,2019
Noah Vonleh 2019,PF,23,NYK,68,1722,13.9,.561,.311,.355,6.7,25.8,16.0,11.1,1.3,2.5,14.7,14.8,1.5,1.7,3.2,.090,-1.2,0.5,-0.7,0.6,vonleno01,2019
Nikola Vučević 2019,C,28,ORL,80,2510,25.5,.573,.171,.168,9.4,31.9,20.5,21.9,1.6,3.0,9.9,28.0,5.4,4.7,10.1,.193,5.0,1.7,6.6,5.5,vucevni01,2019
Dwyane Wade 2019,SG,37,MIA,72,1885,15.8,.510,.272,.243,3.9,12.2,8.0,26.5,1.5,1.8,13.5,27.9,0.1,2.3,2.4,.061,0.8,-0.2,0.6,1.2,wadedw01,2019
Moritz Wagner 2019,C,21,LAL,43,446,10.1,.533,.450,.310,4.0,15.4,9.8,7.4,1.1,2.4,16.7,21.7,-0.3,0.5,0.2,.020,-3.9,-0.4,-4.3,-0.3,wagnemo01,2019
Dion Waiters 2019,SG,27,MIA,44,1138,11.4,.530,.605,.092,0.7,10.2,5.4,16.4,1.2,0.7,11.4,21.1,0.1,1.1,1.2,.052,-0.5,-0.6,-1.1,0.3,waitedi01,2019
Kemba Walker 2019,PG,28,CHO,82,2863,21.7,.558,.434,.267,1.9,11.9,6.8,29.4,1.7,1.0,10.1,31.5,5.5,1.9,7.4,.123,5.2,-1.0,4.2,4.4,walkeke02,2019
Lonnie Walker 2019,SG,20,SAS,17,118,10.8,.446,.283,.217,0.0,15.6,7.9,10.3,2.9,2.2,7.4,20.3,-0.1,0.2,0.0,.019,-3.4,1.0,-2.4,0.0,walkelo01,2019
John Wall 2019,PG,28,WAS,32,1104,18.0,.527,.306,.317,1.5,10.1,5.7,39.2,2.1,2.2,16.1,28.8,0.5,0.7,1.2,.051,2.2,-1.4,0.9,0.8,walljo01,2019
Tyrone Wallace 2019,PG,24,LAC,62,628,7.0,.450,.088,.263,3.5,13.2,8.5,9.5,1.6,0.9,12.9,18.7,-0.8,0.5,-0.3,-0.023,-5.6,-0.8,-6.4,-0.7,wallaty01,2019
Taurean Prince 2019,SF,24,ATL,55,1552,11.9,.575,.530,.195,1.5,12.3,6.7,11.1,1.6,1.1,13.4,19.5,0.8,0.7,1.5,.047,-1.0,-1.0,-2.0,0.0,princta02,2019
Brad Wanamaker 2019,PG,29,BOS,36,343,14.3,.597,.371,.267,0.9,11.8,6.4,22.5,1.7,0.5,13.9,17.1,0.6,0.4,1.0,.134,-1.3,0.7,-0.7,0.1,wanambr01,2019
T.J. Warren 2019,SF,25,PHO,43,1360,16.3,.580,.295,.203,2.5,11.8,7.1,7.7,1.8,1.8,7.2,22.7,1.6,0.5,2.1,.074,0.9,-1.1,-0.2,0.6,warretj01,2019
Julian Washburn 2019,SF,27,MEM,18,254,6.5,.402,.500,.083,3.5,14.8,9.1,7.7,2.5,0.7,12.3,10.0,-0.2,0.3,0.1,.023,-5.1,0.5,-4.6,-0.2,washbju01,2019
Yuta Watanabe 2019,SF,24,MEM,15,174,3.3,.352,.314,.196,2.5,17.7,10.0,6.6,1.1,0.5,9.8,15.8,-0.4,0.2,-0.2,-0.065,-7.0,-2.1,-9.1,-0.3,watanyu01,2019
Thomas Welsh 2019,C,22,DEN,11,36,16.1,.648,.538,.154,0.0,12.1,6.0,20.5,0.0,0.0,6.7,17.7,0.1,0.0,0.1,.162,2.2,-1.1,1.2,0.0,welshth01,2019
Russell Westbrook 2019,PG,30,OKC,73,2630,21.1,.501,.279,.306,4.1,28.3,15.8,46.5,2.5,1.1,16.3,30.9,1.8,5.0,6.8,.124,2.8,2.4,5.2,4.7,westbru01,2019
Derrick White 2019,PG,24,SAS,67,1728,14.8,.555,.262,.227,2.2,13.3,7.8,21.0,1.9,2.3,14.0,17.7,1.7,1.9,3.6,.101,-0.4,1.3,0.9,1.3,whitede01,2019
Okaro White 2019,PF,26,WAS,3,6,-4.5,.000,1.000,.000,17.8,18.4,18.1,0.0,0.0,0.0,0.0,14.1,0.0,0.0,0.0,-0.251,-9.0,-7.8,-16.8,0.0,whiteok01,2019
Hassan Whiteside 2019,C,29,MIA,72,1674,23.5,.564,.024,.357,16.3,35.6,25.9,5.6,1.3,7.3,11.0,22.6,2.3,4.0,6.3,.180,1.1,1.2,2.3,1.8,whiteha01,2019
Andrew Wiggins 2019,SF,23,MIN,73,2543,12.4,.493,.288,.245,3.5,11.4,7.4,10.9,1.3,1.6,9.3,24.4,-0.6,1.3,0.6,.012,-1.2,-1.8,-3.0,-0.6,wiggian01,2019
Alan Williams 2019,PF,26,BRK,5,26,32.9,.610,.077,.308,16.2,60.3,38.4,22.3,1.8,0.0,6.3,25.5,0.1,0.1,0.2,.312,7.6,4.2,11.8,0.1,willial03,2019
C.J. Williams 2019,SG,28,MIN,15,128,8.8,.550,.457,.029,0.8,5.9,3.3,12.9,2.2,0.0,12.4,13.3,0.1,0.1,0.1,.042,-3.8,0.2,-3.7,-0.1,willicj01,2019
Johnathan Williams 2019,C,23,LAL,24,372,15.1,.599,.018,.436,13.6,13.9,13.7,4.9,1.0,1.5,10.9,16.4,0.7,0.3,1.0,.135,-2.0,-1.1,-3.2,-0.1,willijo04,2019
Kenrich Williams 2019,SF,24,NOP,46,1079,9.7,.485,.559,.068,5.4,15.5,10.5,9.5,1.9,1.4,11.1,12.3,0.3,0.9,1.2,.053,-2.3,0.4,-1.9,0.0,willike04,2019
Lou Williams 2019,SG,32,LAC,75,1993,21.2,.554,.256,.426,2.2,9.4,5.9,33.0,1.3,0.4,11.8,32.4,3.9,1.2,5.1,.123,4.3,-2.1,2.2,2.1,willilo02,2019
Marvin Williams 2019,PF,32,CHO,75,2133,12.6,.548,.586,.132,3.8,17.1,10.3,6.1,1.6,2.5,6.4,14.9,1.9,1.9,3.8,.086,-0.4,0.2,-0.3,0.9,willima02,2019
Robert Williams 2019,C,21,BOS,32,283,18.8,.703,.000,.294,10.2,20.4,15.3,3.3,1.5,12.5,14.8,10.3,0.5,0.6,1.2,.201,-1.7,3.4,1.8,0.3,williro04,2019
Troy Williams 2019,SF,24,SAC,21,312,10.5,.531,.449,.153,3.9,15.9,9.7,4.7,1.5,2.2,7.9,15.0,0.1,0.3,0.4,.064,-2.4,0.0,-2.4,0.0,willitr02,2019
D.J. Wilson 2019,PF,22,MIL,48,882,10.3,.515,.506,.187,5.5,19.2,12.8,7.6,0.9,1.9,10.5,14.4,0.3,1.4,1.7,.093,-2.4,0.2,-2.2,0.0,wilsodj01,2019
Justise Winslow 2019,SF,22,MIA,66,1959,12.8,.513,.342,.183,3.4,15.9,9.6,21.9,1.8,0.9,14.9,20.8,0.2,2.6,2.8,.067,-1.3,0.7,-0.6,0.7,winslju01,2019
Christian Wood 2019,PF,23,TOT,21,251,21.9,.607,.222,.479,7.2,26.5,17.0,4.8,1.3,3.2,10.7,26.1,0.4,0.3,0.8,.151,1.4,-1.0,0.4,0.1,woodch01,2019
Delon Wright 2019,PG,26,TOT,75,1699,15.5,.523,.301,.269,4.4,12.8,8.6,21.6,2.5,1.6,11.0,18.1,1.9,2.4,4.3,.121,0.1,1.4,1.5,1.5,wrighde01,2019
Guerschon Yabusele 2019,PF,23,BOS,41,251,12.4,.542,.364,.286,9.8,12.8,11.3,8.2,1.5,2.5,14.8,17.5,0.2,0.3,0.5,.090,-2.5,-0.2,-2.7,0.0,yabusgu01,2019
Nick Young 2019,SG,33,DEN,4,37,2.3,.500,.889,.000,0.0,2.9,1.5,6.8,0.0,2.4,18.2,12.7,0.0,0.0,0.0,-0.021,-4.3,-2.5,-6.9,0.0,youngni01,2019
Thaddeus Young 2019,PF,30,IND,81,2489,16.2,.569,.174,.161,8.7,14.4,11.7,12.0,2.4,1.3,12.0,18.0,3.0,3.9,6.9,.133,0.4,1.1,1.5,2.2,youngth01,2019
Trae Young 2019,PG,20,ATL,81,2503,17.0,.539,.384,.330,2.6,10.2,6.3,40.5,1.3,0.5,17.6,28.4,2.5,0.7,3.3,.062,2.3,-2.8,-0.6,0.9,youngtr01,2019
Cody Zeller 2019,C,26,CHO,49,1243,17.2,.611,.064,.409,9.4,19.7,14.5,12.1,1.5,2.9,13.2,16.3,2.6,1.2,3.9,.150,-0.6,0.7,0.1,0.7,zelleco01,2019
Tyler Zeller 2019,C,29,TOT,6,93,17.3,.607,.033,.600,12.9,15.7,14.2,6.7,0.5,3.1,9.5,20.1,0.2,0.1,0.3,.167,-3.1,-1.9,-5.0,-0.1,zellety01,2019
Ante Žižić 2019,C,22,CLE,59,1082,16.2,.590,.000,.399,10.6,22.8,16.4,7.7,0.6,1.8,13.6,18.2,1.7,0.3,2.0,.087,-1.1,-2.1,-3.2,-0.3,zizican01,2019
Ivica Zubac 2019,C,21,TOT,59,1040,18.9,.604,.000,.332,11.9,24.2,18.2,9.1,0.6,4.0,13.9,20.3,1.9,1.3,3.2,.148,-0.2,-0.2,-0.5,0.4,zubaciv01,2019
