player,pos,age,team_id,g,gs,mp,fg_per_poss,fga_per_poss,fg_pct,fg3_per_poss,fg3a_per_poss,fg3_pct,fg2_per_poss,fg2a_per_poss,fg2_pct,ft_per_poss,fta_per_poss,ft_pct,orb_per_poss,drb_per_poss,trb_per_poss,ast_per_poss,stl_per_poss,blk_per_poss,tov_per_poss,pf_per_poss,pts_per_poss,off_rtg,def_rtg,player_id,year
Álex Abrines 2017,SG,23,OKC,68,6,1055,6.2,15.9,.393,4.4,11.5,.381,1.9,4.4,.426,2.0,2.3,.898,0.8,3.2,4.0,1.9,1.7,0.4,1.5,5.3,18.9,113,110,abrinal01,2017
Quincy Acy 2017,PF,26,TOT,38,1,558,6.0,14.6,.412,3.2,7.7,.411,2.8,6.8,.413,3.9,5.1,.750,1.7,8.1,9.8,1.5,1.2,1.3,1.8,5.7,19.0,109,110,acyqu01,2017
Steven Adams 2017,C,23,OKC,80,80,2389,7.7,13.5,.571,0.0,0.0,.000,7.7,13.4,.572,3.2,5.3,.611,5.8,6.8,12.6,1.8,1.8,1.6,3.0,4.0,18.6,114,107,adamsst01,2017
Arron Afflalo 2017,SG,31,SAC,61,45,1580,5.9,13.5,.440,2.0,4.8,.411,3.9,8.6,.457,2.7,3.0,.892,0.3,3.7,4.0,2.5,0.7,0.2,1.3,3.3,16.5,109,116,afflaar01,2017
Alexis Ajinça 2017,C,28,NOP,39,15,584,7.5,14.9,.500,0.0,0.3,.000,7.5,14.6,.511,2.4,3.4,.725,3.9,11.0,14.8,1.0,1.7,1.8,2.6,6.5,17.4,101,104,ajincal01,2017
Cole Aldrich 2017,C,28,MIN,62,0,531,4.3,8.2,.523,0.0,0.0,,4.3,8.2,.523,1.4,2.1,.682,4.9,10.2,15.1,2.4,2.4,2.2,1.6,8.1,10.0,118,107,aldrico01,2017
LaMarcus Aldridge 2017,PF,31,SAS,72,72,2335,10.9,22.9,.477,0.5,1.2,.411,10.4,21.7,.480,4.8,5.9,.812,3.8,7.7,11.4,3.0,1.0,1.9,2.1,3.4,27.1,111,104,aldrila01,2017
Lavoy Allen 2017,PF,27,IND,61,5,871,4.4,9.7,.458,0.0,0.1,.000,4.4,9.6,.461,1.3,1.9,.697,6.0,6.6,12.6,3.3,1.0,1.4,1.7,4.5,10.2,114,110,allenla01,2017
Tony Allen 2017,SG,35,MEM,71,66,1914,7.4,16.2,.461,0.4,1.5,.278,7.0,14.7,.479,2.2,3.5,.615,4.5,6.1,10.6,2.7,3.1,0.8,2.7,4.8,17.5,101,105,allento01,2017
Al-Farouq Aminu 2017,PF,26,POR,61,25,1773,5.1,13.1,.393,2.0,5.9,.330,3.2,7.1,.445,2.7,3.8,.706,2.2,10.5,12.6,2.8,1.7,1.2,2.6,2.9,14.9,100,108,aminual01,2017
Chris Andersen 2017,C,38,CLE,12,0,114,3.9,9.6,.409,0.0,1.3,.000,3.9,8.3,.474,4.4,6.1,.714,3.9,9.6,13.6,2.2,2.2,3.1,2.2,8.8,12.3,107,104,anderch01,2017
Alan Anderson 2017,SF,34,LAC,30,0,308,4.9,13.0,.375,2.3,7.1,.318,2.6,5.8,.444,1.9,2.6,.750,0.5,3.4,3.9,1.8,0.5,0.0,1.1,5.7,14.0,100,114,anderal01,2017
Justin Anderson 2017,SF,23,TOT,75,10,1228,7.7,18.1,.424,2.4,8.0,.299,5.3,10.1,.522,4.2,5.3,.791,2.8,7.3,10.1,2.7,1.7,0.9,2.7,4.5,21.9,104,108,anderju01,2017
Kyle Anderson 2017,SF,23,SAS,72,14,1020,4.6,10.4,.445,0.7,2.0,.375,3.9,8.4,.462,2.2,2.8,.789,1.6,8.7,10.4,4.5,2.5,1.3,1.9,3.1,12.3,109,101,anderky01,2017
Ryan Anderson 2017,PF,28,HOU,72,72,2116,7.3,17.5,.418,4.6,11.5,.403,2.7,6.1,.446,2.9,3.4,.860,2.5,4.9,7.5,1.5,0.7,0.3,1.2,3.2,22.2,119,113,anderry01,2017
Giannis Antetokounmpo 2017,SF,22,MIL,80,80,2845,11.7,22.5,.521,0.9,3.2,.272,10.8,19.3,.563,8.4,10.9,.770,2.5,10.0,12.5,7.7,2.3,2.7,4.2,4.4,32.7,116,104,antetgi01,2017
Carmelo Anthony 2017,SF,32,NYK,74,74,2538,11.9,27.4,.433,3.0,8.3,.359,8.9,19.1,.466,6.0,7.2,.833,1.2,7.4,8.6,4.2,1.2,0.7,3.0,3.9,32.7,108,113,anthoca01,2017
Joel Anthony 2017,C,34,SAS,19,0,122,4.2,6.7,.625,0.0,0.0,,4.2,6.7,.625,2.1,3.3,.625,3.3,9.6,12.9,1.3,0.8,2.5,1.7,4.6,10.4,121,102,anthojo01,2017
Trevor Ariza 2017,SF,31,HOU,80,80,2773,5.6,13.8,.409,3.3,9.6,.344,2.3,4.2,.556,1.6,2.2,.738,0.9,7.0,7.9,3.0,2.5,0.3,1.3,2.3,16.2,113,108,arizatr01,2017
Darrell Arthur 2017,PF,28,DEN,41,7,639,7.3,16.4,.442,4.1,8.9,.453,3.2,7.5,.429,1.5,1.7,.864,1.9,6.6,8.6,3.2,1.5,1.6,2.8,5.8,20.0,110,112,arthuda01,2017
Ömer Aşık 2017,C,30,NOP,31,19,482,3.1,6.6,.477,0.0,0.0,,3.1,6.6,.477,2.3,4.0,.590,4.9,11.7,16.6,1.5,0.5,1.0,1.4,5.2,8.6,114,107,asikom01,2017
D.J. Augustin 2017,PG,29,ORL,78,20,1538,6.3,16.7,.377,3.1,8.8,.347,3.2,7.8,.412,4.2,5.2,.814,0.5,3.3,3.8,6.7,1.0,0.0,2.9,3.3,19.9,104,115,augusdj01,2017
Luke Babbitt 2017,SF,27,MIA,68,55,1065,5.3,13.3,.402,4.1,9.9,.414,1.2,3.4,.366,0.5,0.7,.733,0.6,6.1,6.7,1.7,0.9,0.5,1.2,5.6,15.3,110,109,babbilu01,2017
Ron Baker 2017,SG,23,NYK,52,13,857,4.8,12.7,.378,1.3,5.0,.267,3.4,7.6,.450,1.6,2.5,.651,0.7,5.0,5.7,6.2,2.0,0.5,3.3,4.3,12.5,92,113,bakerro01,2017
Wade Baldwin 2017,PG,20,MEM,33,1,405,4.6,14.8,.313,0.4,2.8,.136,4.2,11.9,.355,4.0,4.8,.838,1.4,4.5,5.9,7.8,2.3,0.9,5.0,5.1,13.6,83,107,baldwwa01,2017
Leandro Barbosa 2017,SG,34,PHO,67,0,963,8.6,19.5,.439,1.7,4.9,.357,6.8,14.6,.466,2.0,2.2,.889,0.7,4.4,5.2,4.0,1.5,0.4,2.4,4.1,20.8,103,114,barbole01,2017
J.J. Barea 2017,PG,32,DAL,35,6,771,9.6,23.2,.414,3.6,10.0,.358,6.0,13.2,.456,3.0,3.4,.863,0.6,5.1,5.7,13.0,0.9,0.1,4.3,2.0,25.7,106,112,bareajo01,2017
Harrison Barnes 2017,PF,24,DAL,79,79,2803,11.1,23.8,.468,1.4,4.1,.351,9.7,19.6,.492,4.5,5.2,.861,1.7,5.6,7.3,2.2,1.2,0.3,1.9,2.4,28.2,106,111,barneha02,2017
Matt Barnes 2017,SF,36,TOT,74,18,1777,5.2,13.3,.391,2.4,7.4,.331,2.8,5.9,.467,2.0,2.5,.787,2.0,8.8,10.8,5.5,1.4,0.7,3.0,5.2,14.8,102,109,barnema02,2017
Will Barton 2017,SG,26,DEN,60,19,1705,8.4,19.1,.443,2.5,6.7,.370,6.0,12.3,.483,4.1,5.4,.753,1.7,5.8,7.4,5.9,1.4,0.8,2.8,3.2,23.5,112,114,bartowi01,2017
Brandon Bass 2017,PF,31,LAC,52,0,577,9.3,16.1,.575,0.1,0.3,.333,9.2,15.8,.579,6.7,7.6,.875,3.7,7.4,11.2,1.8,1.2,1.0,2.5,3.9,25.3,125,109,bassbr01,2017
Nicolas Batum 2017,SG,28,CHO,77,77,2617,7.5,18.7,.403,2.6,7.8,.333,4.9,10.9,.453,4.7,5.4,.856,0.9,8.3,9.2,8.7,1.6,0.6,3.7,2.1,22.3,105,108,batumni01,2017
Jerryd Bayless 2017,PG,28,PHI,3,1,71,7.5,22.0,.344,1.4,3.4,.400,6.2,18.5,.333,6.2,6.9,.900,2.1,6.2,8.2,8.9,0.0,0.0,6.2,2.7,22.6,90,114,bayleje01,2017
Aron Baynes 2017,C,30,DET,75,2,1163,6.2,12.1,.513,0.0,0.0,,6.2,12.1,.513,3.4,4.1,.840,4.8,9.6,14.5,1.4,0.7,1.7,2.2,7.2,15.9,114,106,baynear01,2017
Kent Bazemore 2017,SF,27,ATL,73,64,1963,7.4,18.1,.409,2.3,6.7,.346,5.1,11.4,.446,3.0,4.2,.708,1.1,4.7,5.8,4.4,2.3,1.3,3.1,4.1,20.1,97,106,bazemke01,2017
Bradley Beal 2017,SG,23,WAS,77,77,2684,11.7,24.3,.482,4.1,10.1,.404,7.6,14.1,.538,5.2,6.3,.825,1.0,3.4,4.4,4.9,1.5,0.4,2.9,3.1,32.7,117,112,bealbr01,2017
Malik Beasley 2017,SG,20,DEN,22,1,165,9.8,21.6,.452,2.7,8.3,.321,7.1,13.3,.533,2.4,3.0,.800,1.5,3.6,5.0,3.3,2.1,0.0,2.4,3.0,24.6,107,114,beaslma01,2017
Michael Beasley 2017,PF,28,MIL,56,6,935,11.7,22.1,.532,1.0,2.3,.419,10.8,19.7,.545,4.2,5.7,.743,2.2,8.3,10.5,2.9,1.5,1.5,3.6,5.0,28.7,106,109,beaslmi01,2017
Marco Belinelli 2017,SG,30,CHO,74,0,1778,7.4,17.4,.429,2.9,8.0,.360,4.6,9.4,.488,4.2,4.7,.893,0.4,4.6,5.0,4.1,1.2,0.3,2.0,2.5,22.0,110,112,belinma01,2017
DeAndre' Bembry 2017,SF,22,ATL,38,1,371,6.2,13.0,.480,0.1,2.4,.056,6.1,10.6,.575,0.8,2.1,.375,1.9,6.0,7.8,3.7,1.1,0.7,2.1,2.8,13.4,97,108,bembrde01,2017
Dragan Bender 2017,PF,19,PHO,43,0,574,4.8,13.4,.354,2.3,8.4,.277,2.4,5.0,.483,0.3,0.9,.364,1.9,6.7,8.6,1.9,0.8,1.8,2.7,6.2,12.2,86,113,bendedr01,2017
Anthony Bennett 2017,PF,23,BRK,23,1,264,6.8,16.5,.413,2.3,8.6,.271,4.5,7.9,.568,4.7,6.5,.722,4.5,9.5,14.0,2.2,0.9,0.5,2.2,3.2,20.7,110,111,bennean01,2017
Ben Bentil 2017,PF,21,DAL,3,0,10,0.0,15.6,.000,0.0,5.2,.000,0.0,10.4,.000,0.0,0.0,,0.0,10.4,10.4,0.0,0.0,0.0,5.2,5.2,0.0,0,111,bentibe01,2017
Dāvis Bertāns 2017,PF,24,SAS,67,6,808,6.5,14.8,.440,4.4,10.9,.399,2.1,3.8,.557,1.8,2.1,.824,1.4,4.8,6.2,2.9,1.3,1.8,2.0,4.7,19.1,115,105,bertada01,2017
Patrick Beverley 2017,SG,28,HOU,67,67,2058,5.3,12.7,.420,2.6,6.7,.382,2.8,5.9,.463,1.7,2.2,.768,2.2,6.9,9.2,6.6,2.3,0.6,2.3,5.2,14.9,116,108,beverpa01,2017
Bismack Biyombo 2017,C,24,ORL,81,27,1793,4.9,9.4,.528,0.0,0.0,,4.9,9.4,.528,3.5,6.5,.534,4.3,11.3,15.7,2.0,0.7,2.5,2.6,5.6,13.4,106,108,biyombi01,2017
Nemanja Bjelica 2017,PF,28,MIN,65,1,1190,6.4,15.2,.424,2.4,7.5,.316,4.0,7.6,.531,1.9,2.6,.738,2.4,8.0,10.4,3.4,1.7,0.9,2.5,6.6,17.2,105,111,bjeline01,2017
Tarik Black 2017,C,25,LAL,67,16,1091,6.7,13.1,.510,0.0,0.1,.500,6.7,13.0,.510,3.7,4.9,.752,6.4,8.9,15.3,1.7,1.3,2.0,2.6,7.7,17.1,114,111,blackta01,2017
Eric Bledsoe 2017,PG,27,PHO,66,66,2176,9.9,22.7,.434,2.3,6.8,.335,7.6,15.9,.477,8.5,10.1,.847,1.1,5.9,7.0,9.2,2.0,0.7,4.9,3.6,30.6,111,112,bledser01,2017
Bojan Bogdanović 2017,SF,27,TOT,81,54,2083,8.7,19.4,.445,3.3,9.0,.367,5.3,10.4,.512,5.0,5.6,.893,0.9,5.5,6.4,2.6,0.8,0.2,3.0,3.4,25.6,108,114,bogdabo02,2017
Andrew Bogut 2017,C,32,TOT,27,21,583,3.4,7.2,.469,0.0,0.1,.000,3.4,7.1,.475,0.3,1.0,.273,5.0,14.5,19.5,4.4,1.2,2.2,3.8,7.7,7.1,93,104,bogutan01,2017
Joel Bolomboy 2017,PF,23,UTA,12,0,53,8.9,15.8,.563,1.0,4.0,.250,7.9,11.9,.667,3.0,5.9,.500,4.0,12.9,16.8,2.0,1.0,2.0,2.0,1.0,21.8,117,102,bolomjo01,2017
Devin Booker 2017,SG,20,PHO,78,78,2730,10.6,25.1,.423,2.6,7.1,.363,8.0,18.0,.447,6.4,7.7,.832,0.8,3.6,4.4,4.7,1.3,0.4,4.2,4.2,30.3,103,116,bookede01,2017
Trevor Booker 2017,PF,29,BRK,71,43,1754,8.2,16.0,.516,0.7,2.1,.321,7.6,13.9,.546,2.0,3.0,.673,3.9,11.6,15.4,3.7,2.0,0.8,3.4,4.1,19.2,105,107,booketr01,2017
Avery Bradley 2017,SG,26,BOS,55,55,1835,9.7,20.9,.463,2.9,7.5,.390,6.8,13.5,.504,1.8,2.5,.731,1.8,7.3,9.0,3.3,1.8,0.3,2.4,3.8,24.2,105,108,bradlav01,2017
Corey Brewer 2017,SF,30,TOT,82,11,1281,5.5,13.1,.422,1.0,4.4,.229,4.5,8.7,.522,1.9,2.6,.735,1.2,5.0,6.2,3.6,2.3,0.8,2.1,5.0,14.0,101,110,breweco01,2017
Malcolm Brogdon 2017,SG,24,MIL,75,28,1982,7.4,16.3,.457,2.0,4.9,.404,5.4,11.3,.480,2.8,3.2,.865,1.2,4.3,5.5,8.1,2.2,0.3,2.9,3.6,19.7,111,111,brogdma01,2017
Aaron Brooks 2017,PG,32,IND,65,0,894,6.8,16.8,.403,2.7,7.2,.375,4.1,9.6,.424,1.8,2.2,.800,1.0,2.9,3.9,7.0,1.4,0.5,3.7,5.2,18.0,98,113,brookaa01,2017
Anthony Brown 2017,SF,24,TOT,11,0,159,5.6,15.4,.360,2.2,8.3,.259,3.4,7.1,.478,0.0,0.0,,2.5,7.7,10.2,2.5,1.5,0.3,1.9,4.6,13.3,89,108,brownan02,2017
Bobby Brown 2017,PG,32,HOU,25,0,123,9.0,23.4,.383,5.5,13.7,.400,3.5,9.8,.360,0.8,0.8,1.000,0.0,2.3,2.3,5.5,0.4,0.0,2.0,2.0,24.2,105,116,brownbo02,2017
Jaylen Brown 2017,SF,20,BOS,78,20,1341,7.1,15.6,.454,1.7,5.0,.341,5.4,10.6,.507,3.1,4.6,.685,1.7,6.5,8.1,2.4,1.3,0.7,2.5,5.3,19.0,102,110,brownja02,2017
Nicolás Brussino 2017,SG,23,DAL,54,2,521,5.2,14.1,.369,2.9,9.5,.305,2.3,4.6,.500,1.7,2.2,.773,2.6,6.9,9.5,4.7,1.7,0.8,2.6,4.3,15.0,101,109,brussni01,2017
Reggie Bullock 2017,SF,25,DET,31,5,467,5.8,13.8,.422,3.0,7.9,.384,2.8,5.9,.473,0.5,0.8,.714,1.4,5.5,6.9,3.1,1.9,0.3,1.1,2.4,15.3,112,108,bullore01,2017
Trey Burke 2017,PG,24,WAS,57,0,703,8.1,17.9,.455,2.2,4.9,.443,6.0,13.0,.459,1.5,2.0,.759,0.5,2.8,3.3,7.0,0.8,0.4,3.4,3.8,20.0,103,114,burketr01,2017
Alec Burks 2017,SG,25,UTA,42,0,653,7.9,19.9,.399,2.0,6.1,.329,5.9,13.8,.430,4.8,6.3,.769,1.4,8.3,9.6,2.4,1.4,0.4,2.8,4.0,22.7,98,106,burksal01,2017
Jimmy Butler 2017,SF,27,CHI,76,75,2809,10.2,22.5,.455,1.6,4.4,.367,8.6,18.0,.477,10.5,12.1,.865,2.3,6.1,8.4,7.5,2.6,0.6,2.9,2.0,32.6,123,106,butleji01,2017
Bruno Caboclo 2017,SF,21,TOR,9,0,40,7.6,20.3,.375,2.5,7.6,.333,5.1,12.7,.400,0.0,0.0,,6.3,6.3,12.7,5.1,2.5,1.3,2.5,5.1,17.7,103,106,cabocbr01,2017
José Calderón 2017,PG,35,TOT,41,13,539,5.0,12.2,.410,1.8,5.8,.313,3.2,6.4,.500,1.0,1.1,.917,1.4,5.4,6.7,8.0,1.0,0.1,3.7,3.3,12.8,100,113,caldejo01,2017
Kentavious Caldwell-Pope 2017,SG,23,DET,76,75,2529,7.4,18.5,.399,3.1,8.7,.350,4.3,9.8,.442,3.1,3.7,.832,1.1,3.9,5.0,3.9,1.8,0.2,1.7,2.4,20.9,107,109,caldwke01,2017
Isaiah Canaan 2017,SG,25,CHI,39,0,592,5.4,14.7,.364,2.1,8.0,.266,3.2,6.7,.481,2.6,2.8,.909,0.5,3.7,4.3,3.1,1.9,0.1,1.8,3.0,15.4,100,110,canaais01,2017
Clint Capela 2017,C,22,HOU,65,59,1551,11.2,17.4,.643,0.0,0.0,,11.2,17.4,.643,2.9,5.5,.531,5.5,10.8,16.3,1.9,1.1,2.4,2.7,5.5,25.3,122,106,capelca01,2017
DeMarre Carroll 2017,SF,30,TOR,72,72,1882,5.9,14.8,.400,2.9,8.6,.341,3.0,6.2,.483,2.4,3.2,.761,1.7,5.7,7.4,2.0,2.2,0.7,1.5,3.9,17.2,110,108,carrode01,2017
Vince Carter 2017,SF,40,MEM,73,15,1799,5.6,14.2,.394,3.2,8.6,.378,2.3,5.6,.418,2.5,3.3,.765,1.0,5.5,6.6,3.8,1.7,1.0,1.4,4.7,16.9,112,108,cartevi01,2017
Michael Carter-Williams 2017,PG,25,CHI,45,19,846,6.7,18.2,.366,0.9,3.8,.234,5.8,14.4,.401,3.5,4.6,.753,1.4,7.7,9.1,6.7,2.3,1.4,3.9,6.1,17.7,90,105,cartemi01,2017
Omri Casspi 2017,PF,28,TOT,36,2,643,6.1,12.9,.470,1.2,3.4,.349,4.9,9.5,.512,1.3,2.3,.586,2.1,6.7,8.8,2.9,1.8,0.2,2.3,3.9,14.6,102,112,casspom01,2017
Willie Cauley-Stein 2017,C,23,SAC,75,21,1421,9.1,17.1,.530,0.0,0.1,.000,9.1,17.1,.532,3.6,5.4,.669,3.0,9.0,12.1,2.8,1.9,1.6,2.5,5.2,21.8,109,109,caulewi01,2017
Tyson Chandler 2017,C,34,PHO,47,46,1298,5.6,8.4,.671,0.0,0.0,,5.6,8.4,.671,3.4,4.6,.734,5.6,14.2,19.9,1.1,1.2,0.9,2.4,4.6,14.6,129,109,chandty01,2017
Wilson Chandler 2017,SF,29,DEN,71,33,2197,9.6,20.9,.461,2.4,7.2,.337,7.2,13.6,.527,3.1,4.3,.727,2.3,7.9,10.2,3.1,1.1,0.7,2.5,3.8,24.8,109,113,chandwi01,2017
Marquese Chriss 2017,PF,19,PHO,82,75,1743,7.8,17.4,.449,2.0,6.2,.321,5.8,11.2,.520,3.1,5.0,.624,2.6,6.9,9.6,1.6,1.8,1.9,3.0,7.2,20.7,102,110,chrisma01,2017
Rakeem Christmas 2017,PF,25,IND,29,0,219,4.3,9.8,.442,0.0,0.0,,4.3,9.8,.442,4.8,6.6,.724,5.9,6.9,12.8,0.9,0.7,1.4,1.8,8.5,13.5,115,111,chrisra01,2017
Semaj Christon 2017,PG,24,OKC,64,1,973,3.9,11.2,.345,0.6,3.2,.190,3.3,8.1,.406,0.9,1.6,.548,1.0,3.4,4.4,6.6,1.4,0.4,2.2,4.0,9.2,91,111,chrisse01,2017
Ian Clark 2017,SG,25,GSW,77,0,1137,8.9,18.3,.487,2.6,6.9,.374,6.3,11.4,.556,1.9,2.5,.759,0.9,4.2,5.1,3.8,1.7,0.3,2.3,3.3,22.3,108,108,clarkia01,2017
Jordan Clarkson 2017,SG,24,LAL,82,19,2397,9.7,21.8,.445,2.4,7.2,.329,7.3,14.5,.503,2.7,3.4,.798,1.0,4.0,5.0,4.3,1.8,0.2,3.3,3.0,24.5,102,115,clarkjo01,2017
Norris Cole 2017,PG,28,OKC,13,0,125,6.3,20.4,.308,1.2,5.1,.231,5.1,15.3,.333,3.1,3.9,.800,0.0,4.3,4.3,5.5,3.1,0.0,2.7,7.1,16.9,84,107,coleno01,2017
Darren Collison 2017,PG,29,SAC,68,64,2063,8.3,17.5,.476,1.8,4.3,.417,6.5,13.2,.495,3.6,4.2,.860,0.6,3.2,3.7,7.7,1.6,0.2,2.8,2.9,22.1,113,114,collida01,2017
Nick Collison 2017,PF,36,OKC,20,0,128,5.4,8.8,.609,0.0,0.4,.000,5.4,8.4,.636,1.9,3.1,.625,3.5,8.4,11.9,4.6,0.8,0.8,1.5,6.5,12.7,130,109,collini01,2017
Mike Conley 2017,PG,29,MEM,69,68,2292,10.5,22.9,.460,3.9,9.5,.408,6.7,13.4,.497,7.2,8.4,.859,0.7,4.8,5.5,9.8,2.1,0.4,3.5,2.9,32.1,121,108,conlemi01,2017
Pat Connaughton 2017,SG,24,POR,39,1,316,5.8,11.3,.514,2.7,5.2,.515,3.1,6.1,.513,1.1,1.4,.778,1.6,6.6,8.2,4.4,0.9,0.3,2.7,3.6,15.4,117,113,connapa01,2017
Quinn Cook 2017,PG,23,TOT,14,0,188,8.8,17.6,.500,2.9,6.9,.423,5.9,10.7,.550,0.5,1.3,.400,0.3,1.6,1.9,6.9,1.1,0.0,3.5,3.5,21.1,105,114,cookqu01,2017
DeMarcus Cousins 2017,C,26,TOT,72,72,2465,13.2,29.2,.452,2.7,7.4,.361,10.5,21.8,.483,10.5,13.6,.772,3.1,13.1,16.2,6.8,2.0,1.9,5.5,5.7,39.6,107,105,couside01,2017
Robert Covington 2017,SF,26,PHI,67,67,2119,6.7,16.8,.399,3.1,9.5,.333,3.6,7.4,.484,3.3,4.0,.822,2.1,7.9,10.0,2.3,2.9,1.6,3.0,4.7,19.9,100,105,covinro01,2017
Allen Crabbe 2017,SG,24,POR,79,7,2254,6.7,14.3,.468,3.0,6.7,.444,3.7,7.6,.490,2.3,2.7,.847,0.4,4.6,5.0,2.1,1.2,0.4,1.4,3.8,18.6,117,114,crabbal01,2017
Jamal Crawford 2017,SG,36,LAC,82,1,2157,8.3,20.2,.413,2.7,7.5,.360,5.6,12.7,.443,4.0,4.7,.857,0.4,2.6,3.0,5.0,1.4,0.3,3.1,2.7,23.4,102,112,crawfja01,2017
Jordan Crawford 2017,SG,28,NOP,19,0,442,11.6,24.2,.482,4.1,10.5,.389,7.5,13.6,.553,2.2,2.9,.769,0.4,3.3,3.8,6.3,1.2,0.2,2.8,3.3,29.6,110,112,crawfjo02,2017
Jae Crowder 2017,SF,26,BOS,72,72,2335,7.1,15.3,.463,3.3,8.4,.398,3.7,6.9,.540,3.7,4.6,.811,1.0,7.8,8.8,3.3,1.6,0.5,1.7,3.4,21.2,118,108,crowdja01,2017
Dante Cunningham 2017,PF,29,NOP,66,35,1649,5.2,10.7,.485,2.1,5.4,.392,3.1,5.3,.579,0.5,0.8,.593,1.7,6.6,8.2,1.1,1.2,0.8,0.8,3.0,12.9,114,109,cunnida01,2017
Seth Curry 2017,PG,26,DAL,70,42,2029,8.7,18.0,.481,3.5,8.3,.425,5.2,9.8,.528,2.2,2.6,.850,0.6,4.0,4.6,4.8,2.0,0.2,2.4,3.2,23.0,113,110,curryse01,2017
Stephen Curry 2017,PG,28,GSW,79,79,2638,12.3,26.3,.468,5.9,14.4,.411,6.4,11.9,.537,5.9,6.6,.898,1.1,5.3,6.4,9.6,2.6,0.3,4.4,3.3,36.5,119,105,curryst01,2017
Troy Daniels 2017,SG,25,MEM,67,3,1183,8.1,21.8,.374,6.1,15.6,.389,2.1,6.2,.336,1.9,2.4,.796,1.0,3.4,4.4,2.0,0.9,0.2,2.0,4.0,24.2,104,112,danietr01,2017
Anthony Davis 2017,C,23,NOP,75,75,2708,13.9,27.6,.505,0.7,2.4,.299,13.2,25.2,.524,9.4,11.7,.802,3.1,12.9,16.0,2.8,1.7,3.0,3.3,3.0,38.0,112,102,davisan02,2017
Deyonta Davis 2017,C,20,MEM,36,0,238,5.2,10.3,.511,0.0,0.0,,5.2,10.3,.511,2.2,3.9,.556,4.4,8.7,13.1,0.4,0.7,3.7,1.7,8.7,12.7,107,105,davisde01,2017
Ed Davis 2017,PF,27,POR,46,12,789,4.7,8.9,.528,0.0,0.0,,4.7,8.9,.528,3.1,5.1,.617,6.0,9.3,15.4,1.6,0.9,1.4,2.3,8.6,12.6,116,110,davised01,2017
Dewayne Dedmon 2017,C,27,SAS,76,37,1330,6.2,9.9,.622,0.0,0.0,,6.2,9.9,.622,2.5,3.6,.699,4.9,14.1,19.0,1.7,1.4,2.3,2.3,6.9,14.8,122,99,dedmode01,2017
Sam Dekker 2017,PF,22,HOU,77,2,1419,6.9,14.5,.473,2.0,6.3,.321,4.8,8.2,.591,1.3,2.3,.559,3.2,6.4,9.6,2.6,1.3,0.7,1.4,2.8,17.0,115,110,dekkesa01,2017
Malcolm Delaney 2017,PG,27,ATL,73,2,1248,5.7,15.3,.374,1.0,4.3,.236,4.7,11.0,.428,3.0,3.7,.806,0.4,4.5,4.9,7.6,1.5,0.0,3.8,4.4,15.4,92,109,delanma01,2017
Matthew Dellavedova 2017,PG,26,MIL,76,54,1986,5.3,13.7,.390,2.0,5.5,.367,3.3,8.2,.404,2.1,2.5,.854,0.6,3.1,3.8,9.1,1.4,0.0,3.4,3.9,14.8,102,114,dellama01,2017
Luol Deng 2017,SF,31,LAL,56,49,1486,5.4,13.9,.387,1.7,5.4,.309,3.7,8.5,.436,1.5,2.1,.730,2.1,7.6,9.7,2.4,1.6,0.7,1.4,2.0,13.9,101,113,denglu01,2017
DeMar DeRozan 2017,SG,27,TOR,74,74,2620,13.9,29.9,.467,0.6,2.4,.266,13.3,27.5,.484,10.5,12.5,.842,1.4,6.1,7.5,5.6,1.5,0.3,3.5,2.6,39.1,113,110,derozde01,2017
Cheick Diallo 2017,PF,20,NOP,17,0,199,8.9,18.7,.474,0.0,0.0,,8.9,18.7,.474,3.7,5.2,.714,5.7,12.3,18.0,1.0,1.0,1.7,1.7,4.2,21.4,107,105,diallch01,2017
Boris Diaw 2017,PF,34,UTA,73,33,1283,6.0,13.4,.446,0.8,3.3,.247,5.1,10.1,.512,1.1,1.4,.743,1.9,4.6,6.5,6.9,0.7,0.4,3.6,3.4,13.8,99,109,diawbo01,2017
Gorgui Dieng 2017,PF,27,MIN,82,82,2653,6.3,12.6,.502,0.3,0.8,.372,6.0,11.8,.511,2.6,3.2,.814,3.6,8.8,12.4,3.0,1.7,1.8,2.0,4.9,15.6,114,110,dienggo01,2017
Spencer Dinwiddie 2017,PG,23,BRK,59,18,1334,4.8,10.7,.444,1.4,3.6,.376,3.4,7.1,.478,4.5,5.7,.792,1.0,4.9,5.8,6.6,1.6,0.8,2.3,4.2,15.4,116,112,dinwisp01,2017
Toney Douglas 2017,PG,30,MEM,24,0,394,5.7,15.4,.368,0.9,5.5,.167,4.8,9.9,.480,3.2,3.8,.828,1.7,6.3,8.1,7.4,2.4,0.7,2.8,6.6,15.4,99,106,douglto01,2017
Goran Dragić 2017,PG,30,MIA,73,73,2459,10.9,23.0,.475,2.4,5.9,.405,8.5,17.1,.499,6.1,7.7,.790,1.3,4.4,5.7,8.7,1.8,0.3,4.3,4.1,30.4,112,109,dragigo01,2017
Andre Drummond 2017,C,23,DET,81,81,2409,10.1,19.1,.530,0.0,0.1,.286,10.1,19.0,.532,2.9,7.4,.386,7.2,16.1,23.4,1.9,2.6,1.9,3.2,5.0,23.2,104,99,drumman01,2017
Jared Dudley 2017,PF,31,PHO,64,7,1362,5.5,12.2,.454,2.7,7.1,.379,2.8,5.0,.559,1.5,2.3,.662,1.1,6.8,7.9,4.3,1.5,0.6,2.6,5.4,15.3,109,113,dudleja01,2017
Mike Dunleavy 2017,SF,36,TOT,53,2,841,5.5,13.0,.423,3.1,7.9,.396,2.4,5.1,.465,2.1,2.7,.800,1.1,5.7,6.8,2.9,0.9,0.4,1.6,3.9,16.2,112,111,dunlemi02,2017
Kris Dunn 2017,PG,22,MIN,78,7,1333,4.5,11.9,.377,0.8,2.8,.288,3.7,9.1,.404,1.4,2.2,.610,0.9,5.4,6.3,7.2,3.0,1.4,3.4,6.8,11.1,90,109,dunnkr01,2017
Kevin Durant 2017,PF,28,GSW,62,62,2070,12.8,23.8,.537,2.7,7.3,.375,10.1,16.6,.608,7.8,8.9,.875,0.9,11.0,11.9,7.0,1.5,2.3,3.2,2.7,36.1,125,101,duranke01,2017
Jarell Eddie 2017,SF,25,PHO,5,0,62,4.6,14.7,.316,3.1,12.4,.250,1.5,2.3,.667,6.2,6.9,.889,0.8,4.6,5.4,0.0,0.8,0.0,0.8,0.8,18.5,112,117,eddieja01,2017
Henry Ellenson 2017,PF,20,DET,19,2,146,8.0,22.1,.359,3.5,12.1,.286,4.5,10.0,.448,1.4,2.8,.500,2.8,11.4,14.2,2.4,0.3,0.3,4.8,2.1,20.8,82,109,ellenhe01,2017
Wayne Ellington 2017,SG,29,MIA,62,13,1500,7.8,18.7,.416,5.0,13.2,.378,2.8,5.4,.509,1.2,1.4,.860,0.6,3.8,4.4,2.4,1.2,0.1,1.0,2.4,21.8,114,111,ellinwa01,2017
Monta Ellis 2017,SG,31,IND,74,33,1998,6.2,14.0,.443,1.1,3.4,.319,5.1,10.6,.483,2.3,3.2,.727,0.5,4.6,5.1,5.9,2.0,0.7,3.4,3.7,15.8,97,110,ellismo01,2017
Joel Embiid 2017,C,22,PHI,31,31,786,12.4,26.6,.466,2.2,6.1,.367,10.2,20.5,.495,11.8,15.1,.783,3.8,11.3,15.1,4.1,1.7,4.7,7.3,6.9,38.9,103,102,embiijo01,2017
James Ennis 2017,SF,26,MEM,64,28,1501,5.1,11.1,.455,1.8,4.7,.372,3.3,6.4,.516,3.0,3.8,.782,2.4,6.6,9.0,2.2,1.6,0.7,2.0,5.7,14.9,113,108,ennisja01,2017
Tyler Ennis 2017,PG,22,TOT,53,2,588,7.4,17.1,.433,2.2,5.8,.386,5.2,11.4,.457,1.7,2.1,.840,0.7,3.0,3.7,7.1,2.1,0.2,3.7,4.8,18.8,102,114,ennisty01,2017
Tyreke Evans 2017,SF,27,TOT,40,6,788,9.4,23.3,.405,2.6,7.4,.356,6.8,15.9,.429,4.3,5.8,.750,0.8,7.8,8.6,7.8,2.2,0.6,3.8,3.8,25.9,99,108,evansty01,2017
Dante Exum 2017,PG,21,UTA,66,26,1228,6.6,15.5,.427,1.9,6.4,.295,4.7,9.1,.519,2.5,3.1,.795,1.3,4.4,5.6,4.7,0.9,0.5,3.4,6.2,17.6,100,109,exumda01,2017
Kenneth Faried 2017,PF,27,DEN,61,34,1296,8.6,15.7,.548,0.0,0.2,.000,8.6,15.4,.556,4.9,7.1,.693,6.9,10.5,17.4,2.1,1.6,1.5,2.2,4.7,22.1,123,110,farieke01,2017
Jordan Farmar 2017,PG,30,SAC,2,0,35,5.8,17.3,.333,5.8,13.0,.444,0.0,4.3,.000,0.0,0.0,,1.4,2.9,4.3,13.0,2.9,0.0,4.3,1.4,17.3,105,112,farmajo01,2017
Derrick Favors 2017,PF,25,UTA,50,39,1186,9.0,18.4,.487,0.1,0.4,.300,8.8,18.0,.491,3.0,4.8,.615,4.1,9.4,13.5,2.5,2.0,1.8,2.7,4.6,21.0,104,102,favorde01,2017
Kay Felder 2017,PG,21,CLE,42,0,386,8.0,20.4,.392,0.9,2.8,.318,7.1,17.6,.404,4.5,6.3,.714,0.4,4.9,5.3,7.5,2.3,0.9,3.9,4.9,21.5,95,110,feldeka01,2017
Cristiano Felício 2017,C,24,CHI,66,0,1040,6.2,10.7,.579,0.0,0.0,,6.2,10.7,.579,2.9,4.5,.645,6.0,9.1,15.1,1.9,1.2,0.8,1.6,5.3,15.3,126,107,feliccr01,2017
Raymond Felton 2017,PG,32,LAC,80,11,1700,6.5,15.1,.430,1.4,4.2,.319,5.1,10.9,.473,1.5,1.9,.781,1.0,5.4,6.4,5.6,1.9,0.6,2.4,3.7,15.8,101,109,feltora01,2017
Yogi Ferrell 2017,PG,23,TOT,46,29,1197,6.9,16.9,.406,2.9,7.6,.386,4.0,9.4,.422,3.2,3.8,.831,0.9,3.9,4.8,7.4,1.8,0.4,3.0,3.9,19.8,106,111,ferreyo01,2017
Dorian Finney-Smith 2017,PF,23,DAL,81,35,1642,3.9,10.6,.372,1.8,6.1,.293,2.2,4.5,.479,1.5,1.9,.754,1.7,5.3,7.0,2.1,1.6,0.8,1.4,4.0,11.1,99,110,finnedo01,2017
Bryn Forbes 2017,SG,23,SAS,36,0,285,6.4,17.7,.364,3.0,9.5,.321,3.4,8.2,.413,0.9,1.1,.833,0.4,3.8,4.1,4.1,0.2,0.0,2.0,3.6,16.8,95,110,forbebr01,2017
Evan Fournier 2017,SG,24,ORL,68,66,2234,9.1,20.6,.439,2.8,8.0,.356,6.2,12.6,.491,4.9,6.1,.805,1.0,3.7,4.6,4.5,1.5,0.1,3.1,4.0,25.9,106,114,fournev01,2017
Randy Foye 2017,SG,33,BRK,69,40,1284,4.4,12.0,.363,2.5,7.5,.330,1.9,4.5,.418,2.0,2.3,.857,0.3,5.4,5.7,5.0,1.3,0.3,3.0,3.7,13.2,95,113,foyera01,2017
Tim Frazier 2017,PG,26,NOP,65,35,1525,5.2,13.0,.403,1.3,4.1,.313,3.9,8.9,.446,3.1,4.1,.760,1.1,4.5,5.6,10.8,1.8,0.2,3.2,4.3,14.9,106,110,fraziti01,2017
Channing Frye 2017,C,33,CLE,74,15,1398,8.5,18.6,.458,4.9,12.0,.409,3.6,6.6,.546,2.2,2.6,.851,1.3,9.0,10.4,1.6,1.2,1.3,1.9,4.9,24.1,115,109,fryech01,2017
Danilo Gallinari 2017,SF,28,DEN,63,63,2134,7.7,17.2,.447,2.9,7.4,.389,4.8,9.7,.491,8.0,8.9,.902,0.9,6.5,7.4,3.1,0.9,0.3,1.9,2.1,26.2,126,115,gallida01,2017
Langston Galloway 2017,PG,25,TOT,74,2,1495,6.8,18.0,.380,4.0,10.2,.390,2.9,7.8,.367,1.7,2.1,.797,0.9,4.3,5.2,3.1,1.5,0.2,1.5,3.2,19.3,101,111,gallola01,2017
Patricio Garino 2017,SG,23,ORL,5,0,43,0.0,8.1,.000,0.0,5.8,.000,0.0,2.3,.000,0.0,0.0,,1.2,6.9,8.1,0.0,0.0,0.0,3.5,4.6,0.0,8,115,garinpa01,2017
Marc Gasol 2017,C,32,MEM,74,74,2531,10.9,23.8,.459,2.1,5.5,.388,8.8,18.3,.480,5.7,6.8,.837,1.2,8.3,9.5,6.9,1.4,2.0,3.4,3.5,29.7,111,106,gasolma01,2017
Pau Gasol 2017,C,36,SAS,64,39,1627,9.5,18.9,.502,1.8,3.3,.538,7.7,15.7,.494,4.1,5.8,.707,3.4,12.3,15.7,4.7,0.8,2.2,2.5,3.4,24.8,116,102,gasolpa01,2017
Rudy Gay 2017,SF,30,SAC,30,30,1013,10.0,22.1,.455,2.1,5.6,.372,7.9,16.4,.483,5.9,6.9,.855,1.7,7.7,9.5,4.1,2.2,1.3,3.7,3.9,28.1,105,109,gayru01,2017
Michael Gbinije 2017,SG,24,DET,9,0,32,1.6,15.8,.100,0.0,6.3,.000,1.6,9.5,.167,3.2,3.2,1.000,3.2,1.6,4.7,3.2,0.0,0.0,0.0,3.2,6.3,64,114,gbinimi01,2017
Alonzo Gee 2017,SF,29,DEN,13,0,89,1.6,7.7,.214,0.0,1.6,.000,1.6,6.0,.273,2.7,4.9,.556,2.2,6.0,8.2,3.3,2.7,0.5,2.2,7.7,6.0,78,111,geeal01,2017
Paul George 2017,SF,26,IND,75,75,2689,11.6,25.1,.461,3.6,9.2,.393,7.9,15.9,.501,6.3,7.0,.898,1.1,8.1,9.2,4.7,2.2,0.5,4.1,3.8,33.0,109,108,georgpa01,2017
Marcus Georges-Hunt 2017,SG,22,ORL,5,0,48,2.1,7.2,.286,1.0,2.1,.500,1.0,5.2,.200,9.3,10.3,.900,1.0,8.3,9.3,3.1,1.0,0.0,2.1,5.2,14.5,121,112,georgma01,2017
Jonathan Gibson 2017,PG,29,DAL,17,0,231,7.9,21.4,.368,3.4,10.1,.333,4.5,11.3,.400,4.7,6.5,.724,0.2,4.7,5.0,5.9,1.8,0.0,4.7,4.7,23.9,91,111,gibsojo01,2017
Taj Gibson 2017,PF,31,TOT,78,71,1989,9.2,17.8,.515,0.1,0.3,.231,9.1,17.5,.520,2.8,4.0,.715,4.0,8.2,12.2,1.8,1.0,1.6,2.6,4.1,21.3,107,107,gibsota01,2017
Manu Ginóbili 2017,SG,39,SAS,69,0,1291,6.7,17.3,.390,3.5,9.0,.392,3.2,8.4,.387,3.4,4.2,.804,1.1,5.1,6.2,7.2,3.2,0.6,3.8,4.7,20.4,104,102,ginobma01,2017
Rudy Gobert 2017,C,24,UTA,81,81,2744,7.9,11.9,.661,0.0,0.0,.000,7.9,11.9,.662,5.9,9.1,.653,6.0,13.8,19.8,1.9,0.9,4.1,2.8,4.7,21.7,129,99,goberru01,2017
Archie Goodwin 2017,SG,22,TOT,15,0,214,8.0,14.7,.545,1.1,3.3,.333,6.9,11.3,.608,7.3,9.3,.786,1.6,4.7,6.2,5.3,0.9,1.1,3.1,1.8,24.5,122,113,goodwar01,2017
Aaron Gordon 2017,SF,21,ORL,80,72,2298,8.5,18.7,.454,1.7,5.8,.288,6.8,12.9,.528,3.4,4.7,.719,2.5,6.2,8.7,3.2,1.4,0.9,1.9,3.7,22.0,107,111,gordoaa01,2017
Eric Gordon 2017,SG,28,HOU,75,15,2323,8.5,21.0,.406,5.1,13.7,.372,3.4,7.3,.468,3.0,3.6,.840,0.6,3.6,4.2,3.9,1.0,0.8,2.5,3.1,25.1,109,113,gordoer01,2017
Marcin Gortat 2017,C,32,WAS,82,82,2556,7.5,13.0,.579,0.0,0.0,.000,7.5,13.0,.580,2.0,3.1,.648,4.6,11.8,16.4,2.3,0.8,1.2,2.3,4.1,17.0,117,108,gortama01,2017
Treveon Graham 2017,SG,23,CHO,27,1,189,5.0,10.6,.475,2.4,4.0,.600,2.7,6.6,.400,2.7,4.0,.667,1.3,4.5,5.8,1.6,1.6,0.3,0.8,4.8,15.1,122,111,grahatr01,2017
Jerami Grant 2017,PF,22,TOT,80,4,1531,4.9,10.5,.463,1.4,3.7,.371,3.5,6.8,.514,2.9,4.7,.612,1.2,5.4,6.6,1.5,1.1,2.5,1.4,4.8,14.0,111,108,grantje01,2017
Jerian Grant 2017,PG,24,CHI,63,28,1028,6.3,14.7,.425,2.4,6.6,.366,3.9,8.2,.473,3.2,3.6,.890,0.8,4.6,5.4,5.9,2.3,0.4,2.2,4.6,18.1,114,108,grantje02,2017
Danny Green 2017,SG,29,SAS,68,68,1807,5.0,12.7,.392,3.3,8.8,.379,1.6,3.9,.420,0.8,0.9,.844,0.9,5.4,6.3,3.5,2.0,1.6,2.1,3.4,14.0,103,104,greenda02,2017
Draymond Green 2017,PF,26,GSW,76,76,2471,5.3,12.7,.418,1.6,5.1,.308,3.7,7.5,.494,2.9,4.1,.709,1.9,9.8,11.7,10.4,3.0,2.1,3.6,4.2,15.1,111,99,greendr01,2017
Gerald Green 2017,SF,31,BOS,47,0,538,8.8,21.4,.409,3.6,10.2,.351,5.2,11.2,.463,3.0,3.8,.805,1.5,6.3,7.7,3.0,0.8,0.6,2.3,4.4,24.1,102,111,greenge01,2017
JaMychal Green 2017,PF,26,MEM,77,75,2101,6.2,12.4,.500,1.4,3.6,.379,4.8,8.8,.549,3.3,4.1,.802,4.1,9.3,13.5,2.1,1.2,0.8,2.3,6.1,17.1,117,107,greenja01,2017
Jeff Green 2017,PF,30,ORL,69,11,1534,7.1,18.0,.394,1.7,6.2,.275,5.4,11.8,.458,4.7,5.4,.863,1.3,5.7,6.9,2.6,1.2,0.4,2.4,3.3,20.6,99,113,greenje02,2017
Blake Griffin 2017,PF,27,LAC,61,61,2076,11.5,23.4,.493,0.9,2.7,.336,10.6,20.7,.514,7.7,10.1,.760,2.7,9.3,12.0,7.2,1.4,0.5,3.4,3.8,31.7,115,108,griffbl01,2017
Justin Hamilton 2017,C,26,BRK,64,7,1177,7.0,15.3,.459,2.2,7.2,.306,4.8,8.0,.598,1.6,2.1,.750,2.9,7.7,10.6,2.2,1.2,1.7,1.7,3.7,17.8,109,110,hamilju01,2017
A.J. Hammons 2017,C,24,DAL,22,0,163,5.4,13.4,.405,1.6,3.2,.500,3.8,10.2,.375,2.9,6.4,.450,2.6,8.9,11.5,1.3,0.3,4.2,3.2,6.7,15.3,87,106,hammoaj01,2017
Tim Hardaway Jr. 2017,SG,24,ATL,79,30,2154,9.5,20.9,.455,3.4,9.5,.357,6.1,11.3,.537,3.8,4.9,.766,0.8,4.3,5.1,4.2,1.3,0.3,2.4,2.4,26.2,110,109,hardati02,2017
James Harden 2017,PG,27,HOU,81,81,2947,11.0,25.0,.440,4.3,12.3,.347,6.7,12.7,.530,12.1,14.3,.847,1.5,9.2,10.7,14.8,2.0,0.6,7.6,3.5,38.4,118,107,hardeja01,2017
Maurice Harkless 2017,SF,23,POR,77,69,2223,7.0,13.9,.503,1.5,4.3,.351,5.5,9.6,.572,1.7,2.8,.621,2.8,4.8,7.6,2.0,1.9,1.6,1.9,4.8,17.3,112,110,harklma01,2017
Justin Harper 2017,PF,27,PHI,3,0,31,7.9,18.9,.417,3.1,11.0,.286,4.7,7.9,.600,0.0,0.0,,3.1,4.7,7.9,3.1,0.0,0.0,6.3,3.1,18.9,82,115,harpeju01,2017
Montrezl Harrell 2017,C,23,HOU,58,14,1064,10.1,15.6,.652,0.0,0.3,.143,10.1,15.2,.663,3.4,5.5,.628,3.7,6.2,9.9,2.9,0.9,1.9,2.0,5.7,23.8,129,110,harremo01,2017
Devin Harris 2017,PG,33,DAL,65,0,1087,6.5,16.3,.399,2.8,8.5,.328,3.7,7.9,.476,5.1,6.2,.829,0.5,5.6,6.1,6.5,2.1,0.3,2.7,4.8,20.9,108,109,harride01,2017
Gary Harris 2017,SG,22,DEN,57,56,1782,8.8,17.5,.502,2.9,7.0,.420,5.8,10.5,.558,2.8,3.7,.776,1.3,3.6,4.9,4.5,1.9,0.2,2.1,2.5,23.3,121,114,harriga01,2017
Joe Harris 2017,SG,25,BRK,52,11,1138,6.4,15.1,.425,3.5,9.2,.385,2.9,5.9,.489,1.5,2.0,.714,0.7,5.5,6.1,2.2,1.2,0.3,2.3,5.0,17.8,101,113,harrijo01,2017
Manny Harris 2017,SG,27,DAL,4,0,25,6.2,31.2,.200,0.0,4.2,.000,6.2,27.1,.231,4.2,8.3,.500,6.2,12.5,18.7,4.2,0.0,0.0,4.2,2.1,16.7,61,110,harrima01,2017
Tobias Harris 2017,PF,24,DET,82,48,2567,10.1,20.9,.481,2.1,6.2,.347,7.9,14.7,.537,3.7,4.4,.841,1.2,6.9,8.2,2.8,1.2,0.8,1.9,2.6,26.0,113,108,harrito02,2017
Aaron Harrison 2017,SG,22,CHO,5,0,17,0.0,11.8,.000,0.0,5.9,.000,0.0,5.9,.000,3.0,5.9,.500,0.0,8.9,8.9,8.9,0.0,0.0,0.0,5.9,3.0,55,112,harriaa01,2017
Andrew Harrison 2017,PG,22,MEM,72,18,1474,4.1,12.7,.325,1.5,5.5,.276,2.6,7.2,.363,5.2,6.8,.763,0.8,4.0,4.8,7.0,1.9,0.7,3.0,6.8,15.0,100,109,harrian01,2017
Udonis Haslem 2017,C,36,MIA,16,0,130,4.3,8.9,.478,0.0,1.2,.000,4.3,7.8,.550,3.5,5.8,.600,3.1,10.9,14.0,2.3,2.3,0.4,3.1,8.5,12.0,98,103,hasleud01,2017
Spencer Hawes 2017,PF,28,TOT,54,1,797,8.5,17.5,.484,1.6,5.1,.309,6.9,12.4,.556,2.8,3.3,.846,2.4,9.7,12.1,5.1,0.9,1.9,3.1,4.9,21.3,108,107,hawessp01,2017
Gordon Hayward 2017,SF,26,UTA,73,73,2516,11.4,24.1,.471,3.1,7.8,.398,8.3,16.3,.506,7.5,8.9,.844,1.0,7.2,8.2,5.3,1.5,0.4,2.9,2.4,33.4,118,106,haywago01,2017
Gerald Henderson 2017,SG,29,PHI,72,41,1667,6.8,16.2,.423,1.8,5.1,.353,5.1,11.1,.455,3.9,4.8,.806,1.0,4.4,5.4,3.3,1.2,0.4,1.8,3.8,19.3,106,112,hendege02,2017
John Henson 2017,C,26,MIL,58,39,1123,7.2,14.0,.515,0.0,0.0,.000,7.2,13.9,.516,3.3,4.8,.692,4.2,9.2,13.3,2.6,1.3,3.5,2.4,6.8,17.7,110,106,hensojo01,2017
Juan Hernangómez 2017,PF,21,DEN,62,9,842,5.9,13.0,.451,2.7,6.6,.407,3.2,6.4,.495,3.3,4.4,.750,2.5,8.4,10.8,1.7,1.7,0.7,1.8,3.6,17.7,117,112,hernaju01,2017
Willy Hernangómez 2017,C,22,NYK,72,22,1324,9.3,17.6,.529,0.2,0.6,.267,9.1,17.0,.538,3.4,4.7,.728,6.4,12.5,19.0,3.6,1.5,1.4,3.8,5.7,22.2,111,107,hernawi01,2017
Mario Hezonja 2017,SF,21,ORL,65,2,960,6.0,17.0,.355,2.2,7.4,.299,3.8,9.6,.398,2.1,2.6,.800,1.0,6.5,7.5,3.2,1.5,0.8,3.0,3.8,16.4,87,111,hezonma01,2017
Roy Hibbert 2017,C,30,TOT,48,13,682,5.9,10.8,.544,0.0,0.0,,5.9,10.8,.544,4.5,5.5,.813,4.0,7.2,11.2,1.5,0.6,3.4,2.4,7.4,16.2,117,107,hibbero01,2017
Buddy Hield 2017,SG,24,TOT,82,55,1888,8.6,20.1,.426,3.9,10.0,.391,4.7,10.2,.461,1.7,2.0,.842,0.9,6.1,7.1,3.2,1.0,0.2,2.7,3.0,22.7,100,112,hieldbu01,2017
Nenê 2017,C,34,HOU,67,8,1198,9.8,15.9,.617,0.1,0.4,.333,9.7,15.5,.624,4.6,7.9,.589,3.8,7.5,11.3,2.6,2.2,1.6,2.9,6.5,24.4,118,106,hilarne01,2017
George Hill 2017,PG,30,UTA,49,49,1544,9.8,20.6,.477,3.2,7.9,.403,6.6,12.7,.523,5.3,6.7,.801,0.8,4.9,5.7,6.9,1.7,0.4,2.9,3.9,28.1,119,107,hillge01,2017
Jordan Hill 2017,C,29,MIN,7,0,47,5.4,14.0,.385,0.0,0.0,,5.4,14.0,.385,2.2,2.2,1.000,8.6,6.5,15.1,0.0,1.1,0.0,4.3,9.7,12.9,90,114,hilljo01,2017
Solomon Hill 2017,SF,25,NOP,80,71,2374,3.8,9.9,.383,1.9,5.6,.348,1.8,4.3,.428,2.1,2.6,.805,1.1,5.3,6.3,2.9,1.5,0.7,1.7,3.8,11.6,103,109,hillso01,2017
Darrun Hilliard 2017,SG,23,DET,39,1,381,6.2,16.7,.373,1.6,6.1,.261,4.6,10.6,.438,2.8,3.7,.750,0.3,4.1,4.4,4.4,1.5,0.3,3.7,5.2,16.8,87,109,hillida01,2017
Jrue Holiday 2017,PG,26,NOP,67,61,2190,9.1,20.0,.454,2.2,6.3,.356,6.8,13.7,.498,2.7,3.8,.708,1.0,4.9,5.9,10.9,2.2,1.0,4.3,3.0,23.0,104,108,holidjr01,2017
Justin Holiday 2017,SG,27,NYK,82,4,1639,7.1,16.4,.433,3.0,8.3,.355,4.1,8.1,.513,2.0,2.4,.825,0.8,6.0,6.9,3.1,2.0,0.9,2.0,3.3,19.2,108,111,holidju01,2017
Rondae Hollis-Jefferson 2017,SF,22,BRK,78,50,1761,6.3,14.6,.434,0.4,1.8,.224,5.9,12.8,.463,5.1,6.8,.751,2.6,9.6,12.2,4.1,2.2,1.2,3.1,4.8,18.2,102,107,holliro01,2017
Richaun Holmes 2017,C,23,PHI,57,17,1193,9.4,16.8,.558,1.1,3.1,.351,8.3,13.7,.606,2.9,4.2,.699,3.8,8.9,12.7,2.4,1.7,2.2,2.2,5.6,22.8,117,106,holmeri01,2017
Rodney Hood 2017,SG,24,UTA,59,55,1593,9.0,21.9,.408,3.8,10.1,.371,5.2,11.8,.440,3.0,3.8,.783,0.5,6.1,6.6,3.2,1.3,0.4,2.1,4.3,24.6,104,107,hoodro01,2017
Al Horford 2017,C,30,BOS,68,68,2193,8.6,18.1,.473,1.9,5.5,.355,6.6,12.6,.524,2.4,3.1,.800,2.1,8.4,10.5,7.6,1.2,1.9,2.6,3.1,21.5,114,107,horfoal01,2017
Danuel House 2017,SG,23,WAS,1,0,1,0.0,0.0,,0.0,0.0,,0.0,0.0,,0.0,0.0,,0.0,49.3,49.3,0.0,0.0,0.0,0.0,0.0,0.0,,89,houseda01,2017
Dwight Howard 2017,C,31,ATL,74,74,2199,8.7,13.7,.633,0.0,0.0,.000,8.7,13.7,.635,5.1,9.5,.533,6.6,14.4,21.1,2.3,1.4,2.1,3.8,4.6,22.5,115,100,howardw01,2017
Marcelo Huertas 2017,PG,33,LAL,23,1,237,5.1,14.0,.368,0.8,3.9,.211,4.3,10.1,.429,1.9,3.5,.529,0.4,4.5,4.9,10.7,2.1,0.4,3.9,3.3,13.0,92,114,huertma01,2017
Josh Huestis 2017,PF,25,OKC,2,0,31,9.5,17.4,.545,3.2,6.3,.500,6.3,11.1,.571,0.0,1.6,.000,6.3,7.9,14.2,4.7,0.0,4.7,0.0,0.0,22.2,143,106,huestjo01,2017
Kris Humphries 2017,PF,31,ATL,56,4,689,6.2,15.3,.407,1.4,3.9,.352,4.9,11.4,.425,4.6,5.9,.780,4.3,10.4,14.7,2.1,1.1,1.5,2.0,4.9,18.4,108,104,humphkr01,2017
R.J. Hunter 2017,SG,23,CHI,3,0,9,0.0,5.6,.000,0.0,5.6,.000,0.0,0.0,,0.0,0.0,,0.0,5.6,5.6,0.0,0.0,0.0,0.0,0.0,0.0,0,113,hunterj01,2017
Serge Ibaka 2017,PF,27,TOT,79,79,2422,9.7,20.2,.480,2.6,6.5,.391,7.1,13.7,.522,2.2,2.6,.856,2.7,8.4,11.1,1.5,0.8,2.6,2.2,4.4,24.2,109,109,ibakase01,2017
Andre Iguodala 2017,SF,33,GSW,76,0,1998,5.3,10.0,.528,1.5,4.3,.362,3.7,5.7,.651,1.7,2.5,.706,1.2,6.1,7.3,6.3,1.8,0.9,1.4,2.3,13.8,129,105,iguodan01,2017
Ersan İlyasova 2017,PF,29,TOT,82,52,2142,8.8,20.3,.431,3.2,9.2,.353,5.5,11.1,.496,3.7,4.7,.778,2.6,8.4,11.0,3.2,1.3,0.5,2.6,4.8,24.4,107,108,ilyaser01,2017
Joe Ingles 2017,SF,29,UTA,82,26,1972,5.4,12.0,.452,3.3,7.4,.441,2.2,4.6,.471,1.3,1.8,.735,0.6,6.3,6.9,6.0,2.6,0.2,2.8,4.3,15.4,112,105,inglejo01,2017
Brandon Ingram 2017,SF,19,LAL,79,40,2279,5.9,14.7,.402,1.2,4.0,.294,4.7,10.7,.443,2.8,4.6,.621,1.3,5.5,6.8,3.5,1.1,0.8,2.5,3.4,15.8,96,115,ingrabr01,2017
Kyrie Irving 2017,PG,24,CLE,72,72,2525,13.3,28.1,.473,3.5,8.7,.401,9.8,19.4,.505,5.9,6.5,.905,1.0,3.5,4.5,8.3,1.6,0.5,3.6,3.1,35.9,116,112,irvinky01,2017
Jarrett Jack 2017,PG,33,NOP,2,0,33,3.0,4.5,.667,0.0,1.5,.000,3.0,3.0,1.000,3.0,3.0,1.000,0.0,0.0,0.0,7.4,3.0,0.0,4.5,5.9,8.9,105,110,jackja01,2017
Demetrius Jackson 2017,PG,22,BOS,5,0,17,8.8,11.7,.750,2.9,2.9,1.000,5.8,8.8,.667,8.8,17.5,.500,5.8,5.8,11.7,8.8,0.0,0.0,0.0,0.0,29.2,167,114,jacksde01,2017
Pierre Jackson 2017,PG,25,DAL,8,1,84,8.1,24.2,.333,1.9,6.8,.273,6.2,17.3,.357,3.7,4.3,.857,0.6,5.0,5.6,11.8,1.2,0.0,1.9,3.1,21.7,99,112,jackspi01,2017
Reggie Jackson 2017,PG,26,DET,52,50,1424,10.1,24.0,.419,2.3,6.5,.359,7.7,17.5,.442,4.2,4.8,.868,0.7,3.3,4.0,9.6,1.2,0.2,4.0,4.6,26.7,103,110,jacksre01,2017
LeBron James 2017,SF,32,CLE,74,74,2794,13.1,24.0,.548,2.2,6.1,.363,10.9,17.9,.611,6.4,9.5,.674,1.7,9.7,11.4,11.5,1.6,0.8,5.4,2.4,34.9,119,108,jamesle01,2017
Al Jefferson 2017,C,32,IND,66,1,931,12.6,25.3,.499,0.0,0.1,.000,12.6,25.3,.500,3.5,4.6,.765,4.0,10.9,14.9,3.1,1.0,0.9,1.8,6.7,28.8,109,108,jeffeal01,2017
Richard Jefferson 2017,SF,36,CLE,79,13,1614,4.7,10.6,.446,1.9,5.8,.333,2.8,4.9,.580,2.5,3.3,.741,0.9,5.4,6.3,2.4,0.8,0.3,1.6,4.7,13.9,111,113,jefferi01,2017
John Jenkins 2017,SG,25,PHO,4,0,13,7.4,18.4,.400,3.7,7.4,.500,3.7,11.0,.333,7.4,7.4,1.000,0.0,3.7,3.7,3.7,0.0,0.0,0.0,0.0,25.8,135,119,jenkijo01,2017
Brandon Jennings 2017,PG,27,TOT,81,13,1802,5.3,14.8,.359,2.2,7.0,.313,3.1,7.8,.399,3.2,4.2,.750,0.8,4.6,5.4,10.9,1.9,0.1,3.5,3.2,16.0,104,113,jennibr01,2017
Jonas Jerebko 2017,PF,29,BOS,78,6,1232,4.6,10.5,.435,1.8,5.2,.346,2.8,5.3,.523,1.0,1.5,.703,2.4,8.6,10.9,2.9,1.0,0.7,1.6,4.9,12.0,109,109,jerebjo01,2017
Amir Johnson 2017,PF,29,BOS,80,77,1608,6.6,11.4,.576,0.8,2.0,.409,5.7,9.4,.612,2.1,3.1,.670,3.6,7.6,11.3,4.3,1.6,1.9,2.4,6.5,16.0,121,107,johnsam01,2017
Brice Johnson 2017,PF,22,LAC,3,0,9,11.1,38.9,.286,0.0,0.0,,11.1,38.9,.286,0.0,0.0,,5.6,11.1,16.7,5.6,11.1,5.6,5.6,0.0,22.2,67,80,johnsbr02,2017
James Johnson 2017,PF,29,MIA,76,5,2085,8.9,18.6,.479,2.1,6.2,.340,6.8,12.4,.548,3.7,5.2,.707,1.6,7.5,9.1,6.7,1.8,2.1,4.1,4.8,23.6,107,105,johnsja01,2017
Joe Johnson 2017,SF,35,UTA,78,14,1843,7.8,17.8,.436,3.0,7.3,.411,4.8,10.5,.454,1.8,2.2,.818,0.9,6.0,6.9,4.1,1.0,0.5,2.0,2.6,20.3,109,108,johnsjo02,2017
Stanley Johnson 2017,SF,20,DET,77,1,1371,4.8,13.4,.353,1.7,5.7,.292,3.1,7.8,.398,1.3,2.0,.679,1.3,5.6,7.0,3.9,2.1,0.9,2.6,4.5,12.5,88,107,johnsst04,2017
Tyler Johnson 2017,PG,24,MIA,73,0,2178,8.3,19.1,.433,2.2,5.8,.372,6.1,13.3,.460,4.5,5.9,.768,1.2,5.6,6.8,5.4,1.9,1.0,2.1,4.1,23.2,112,107,johnsty01,2017
Wesley Johnson 2017,SF,29,LAC,68,3,810,4.5,12.3,.365,1.8,7.3,.246,2.7,5.1,.537,0.7,1.0,.647,1.6,9.6,11.2,1.4,1.8,1.9,1.1,5.1,11.5,94,105,johnswe01,2017
Nikola Jokić 2017,C,21,DEN,73,59,2038,11.8,20.5,.578,1.1,3.3,.324,10.8,17.1,.628,4.5,5.5,.825,5.1,12.1,17.2,8.6,1.5,1.3,4.1,5.1,29.3,126,109,jokicni01,2017
Dahntay Jones 2017,SF,36,CLE,1,0,12,12.5,33.3,.375,0.0,8.3,.000,12.5,25.0,.500,12.5,16.6,.750,4.2,4.2,8.3,4.2,0.0,0.0,4.2,4.2,37.4,97,116,jonesda02,2017
Damian Jones 2017,C,21,GSW,10,0,85,4.5,9.1,.500,0.0,0.0,,4.5,9.1,.500,1.7,5.7,.300,5.1,7.9,13.0,0.0,0.6,2.3,3.4,8.5,10.8,87,105,jonesda03,2017
Derrick Jones Jr. 2017,SF,19,PHO,32,8,545,6.0,10.6,.562,0.3,1.0,.273,5.7,9.7,.591,2.5,3.6,.707,3.4,3.5,6.9,1.1,1.2,1.1,1.1,5.5,14.8,124,115,jonesde02,2017
James Jones 2017,SF,36,CLE,48,2,381,5.8,12.1,.478,4.1,8.6,.470,1.7,3.4,.500,1.7,2.6,.650,0.4,4.5,4.8,1.8,0.8,1.3,1.3,4.8,17.3,122,113,jonesja02,2017
Terrence Jones 2017,PF,25,TOT,54,12,1270,8.9,19.0,.470,0.7,2.9,.253,8.2,16.1,.508,4.0,6.6,.606,2.5,9.3,11.8,2.3,1.5,2.1,1.9,2.6,22.5,103,105,joneste01,2017
Tyus Jones 2017,PG,20,MIN,60,0,774,4.9,11.9,.414,1.7,4.8,.356,3.2,7.1,.454,2.2,2.8,.767,0.7,3.7,4.4,10.2,3.1,0.3,2.5,3.3,13.7,114,111,jonesty01,2017
DeAndre Jordan 2017,C,28,LAC,81,81,2570,8.0,11.2,.714,0.0,0.0,.000,8.0,11.2,.717,4.0,8.3,.482,5.8,15.9,21.7,1.9,1.0,2.6,2.2,4.1,20.0,129,102,jordade01,2017
Cory Joseph 2017,PG,25,TOR,80,22,2003,7.6,16.7,.452,1.2,3.4,.356,6.4,13.3,.477,2.4,3.1,.770,1.3,4.7,5.9,6.7,1.7,0.3,2.7,3.5,18.7,108,110,josepco01,2017
Frank Kaminsky 2017,C,23,CHO,75,16,1954,8.2,20.6,.399,3.0,9.1,.328,5.2,11.5,.455,3.0,4.0,.756,1.5,7.2,8.6,4.2,1.2,0.9,2.0,3.6,22.4,102,110,kaminfr01,2017
Enes Kanter 2017,C,24,OKC,72,0,1533,12.9,23.6,.545,0.2,1.2,.132,12.7,22.4,.568,7.2,9.1,.786,6.2,9.2,15.4,2.1,1.0,1.2,3.9,4.9,33.1,116,107,kanteen01,2017
Ryan Kelly 2017,PF,25,ATL,16,0,110,3.6,12.5,.286,1.8,4.5,.400,1.8,8.1,.222,2.2,2.7,.833,0.4,7.6,8.1,3.6,1.8,2.2,1.8,2.2,11.2,87,104,kellyry01,2017
Michael Kidd-Gilchrist 2017,SF,23,CHO,81,81,2349,6.3,13.2,.477,0.0,0.2,.111,6.3,13.0,.483,3.2,4.1,.784,3.3,8.7,12.1,2.4,1.7,1.6,1.2,4.0,15.9,113,106,kiddgmi01,2017
Sean Kilpatrick 2017,SG,27,BRK,70,24,1754,8.2,19.9,.415,2.8,8.3,.341,5.4,11.5,.468,5.5,6.5,.843,0.6,7.0,7.6,4.2,1.2,0.2,3.6,3.2,24.8,102,112,kilpase01,2017
Brandon Knight 2017,SG,25,PHO,54,5,1140,8.8,22.0,.398,1.9,5.8,.324,6.9,16.2,.425,5.5,6.5,.857,1.0,3.9,5.0,5.5,1.1,0.2,3.7,3.7,25.0,101,116,knighbr03,2017
Kyle Korver 2017,SG,35,TOT,67,22,1753,6.8,14.6,.464,4.6,10.2,.451,2.2,4.4,.494,1.1,1.2,.905,0.2,5.1,5.3,3.1,1.0,0.6,2.0,3.0,19.2,116,111,korveky01,2017
Kosta Koufos 2017,C,27,SAC,71,62,1419,7.7,14.0,.551,0.0,0.0,.000,7.7,13.9,.552,1.4,2.2,.613,4.2,10.2,14.4,1.7,1.3,1.7,2.2,6.1,16.8,109,109,koufoko01,2017
Mindaugas Kuzminskas 2017,SF,27,NYK,68,5,1016,7.8,18.2,.428,2.7,8.3,.321,5.1,9.9,.517,2.7,3.3,.809,2.3,3.9,6.2,3.4,1.4,0.5,2.5,3.9,20.9,107,114,kuzmimi01,2017
Skal Labissière 2017,PF,20,SAC,33,12,612,9.7,18.0,.537,0.2,0.7,.375,9.4,17.4,.543,4.3,6.1,.703,4.2,9.2,13.4,2.2,1.3,1.1,3.1,5.3,23.9,110,110,labissk01,2017
Jeremy Lamb 2017,SG,24,CHO,62,5,1143,9.9,21.5,.460,1.8,6.4,.281,8.1,15.1,.536,4.8,5.7,.853,1.3,10.3,11.6,3.3,1.2,1.0,1.8,4.3,26.5,109,108,lambje01,2017
Nicolás Laprovíttola 2017,PG,27,SAS,18,3,174,5.9,13.8,.426,2.9,7.9,.370,2.9,5.9,.500,2.6,2.6,1.000,0.3,2.6,2.9,8.2,1.2,0.3,5.6,5.6,17.3,99,108,laproni01,2017
Joffrey Lauvergne 2017,PF-C,25,TOT,70,1,980,7.5,16.9,.440,1.7,4.9,.337,5.8,12.0,.483,2.3,3.7,.630,3.6,9.0,12.6,3.5,1.3,0.3,2.8,4.2,18.9,104,108,lauvejo01,2017
Zach LaVine 2017,SG,21,MIN,47,47,1749,9.5,20.6,.459,3.5,9.0,.387,6.0,11.6,.515,3.4,4.1,.836,0.6,4.1,4.6,4.0,1.2,0.3,2.5,3.0,25.8,112,115,lavinza01,2017
Ty Lawson 2017,PG,29,SAC,69,24,1732,6.9,15.2,.454,1.0,3.4,.288,5.9,11.8,.502,5.1,6.3,.797,1.3,3.9,5.2,9.8,2.2,0.2,3.8,3.5,19.9,110,113,lawsoty01,2017
Jake Layman 2017,SF,22,POR,35,1,249,5.2,17.7,.292,2.6,10.2,.255,2.6,7.6,.342,2.6,3.4,.765,1.2,3.6,4.8,2.2,1.8,0.6,2.2,4.4,15.6,84,113,laymaja01,2017
Courtney Lee 2017,SG,31,NYK,77,74,2459,6.5,14.3,.456,2.2,5.5,.401,4.3,8.8,.490,1.7,2.0,.867,1.1,4.2,5.3,3.6,1.6,0.5,1.4,2.9,17.0,115,114,leeco01,2017
David Lee 2017,PF,33,SAS,79,10,1477,8.6,14.5,.590,0.0,0.0,,8.6,14.5,.590,2.8,3.9,.708,5.1,10.1,15.2,4.3,1.1,1.4,2.8,4.3,19.9,120,103,leeda02,2017
Alex Len 2017,C,23,PHO,77,34,1560,7.1,14.2,.497,0.1,0.4,.250,7.0,13.8,.503,4.6,6.4,.721,4.8,10.9,15.6,1.4,1.2,3.0,3.1,7.4,18.8,108,108,lenal01,2017
Kawhi Leonard 2017,SF,25,SAS,74,74,2474,13.1,27.0,.485,3.0,8.0,.380,10.1,19.1,.529,9.7,11.0,.880,1.6,7.2,8.9,5.4,2.7,1.1,3.2,2.5,38.9,121,102,leonaka01,2017
Meyers Leonard 2017,PF,24,POR,74,12,1222,5.9,15.4,.386,3.0,8.7,.347,2.9,6.7,.436,1.4,1.6,.875,1.1,8.5,9.6,2.9,0.5,1.1,1.4,7.0,16.3,105,112,leoname01,2017
Jon Leuer 2017,PF,27,DET,75,34,1944,8.1,16.8,.480,1.3,4.3,.293,6.8,12.4,.545,2.5,2.9,.867,2.7,7.8,10.4,2.9,0.8,0.7,1.7,3.8,19.9,113,109,leuerjo01,2017
Caris LeVert 2017,SF,22,BRK,57,26,1237,6.6,14.6,.450,2.3,7.1,.321,4.3,7.5,.571,2.6,3.6,.720,0.9,6.3,7.2,4.2,1.9,0.3,2.3,3.5,17.9,107,111,leverca01,2017
DeAndre Liggins 2017,SG,28,TOT,62,19,777,3.5,9.1,.387,1.1,3.0,.370,2.4,6.2,.396,1.6,2.6,.625,1.3,5.7,6.9,3.5,3.0,0.9,2.7,5.2,9.8,92,107,liggide01,2017
Damian Lillard 2017,PG,26,POR,75,75,2694,12.2,27.4,.444,3.9,10.7,.370,8.2,16.8,.492,9.0,10.0,.895,0.8,5.9,6.8,8.1,1.3,0.4,3.6,2.8,37.3,118,113,lillada01,2017
Jeremy Lin 2017,PG,28,BRK,36,33,883,9.4,21.5,.438,3.1,8.4,.372,6.3,13.1,.480,6.2,7.6,.816,0.6,6.7,7.2,9.9,2.3,0.8,4.6,4.2,28.1,109,109,linje01,2017
Shaun Livingston 2017,PG,31,GSW,76,3,1345,6.2,11.3,.547,0.0,0.1,.333,6.2,11.2,.550,1.5,2.1,.700,1.0,4.4,5.4,5.0,1.4,0.7,2.2,4.3,13.9,110,108,livinsh01,2017
Shawn Long 2017,C,24,PHI,18,0,234,12.7,22.7,.560,1.5,4.0,.368,11.2,18.7,.600,4.0,7.3,.543,8.5,9.2,17.7,2.7,1.9,1.9,2.7,10.2,30.8,118,106,longsh01,2017
Kevon Looney 2017,C,20,GSW,53,4,447,6.0,11.5,.523,0.2,1.0,.222,5.8,10.5,.551,2.3,3.7,.618,4.7,8.6,13.3,3.1,1.6,1.8,1.8,6.9,14.5,118,103,looneke01,2017
Brook Lopez 2017,C,28,BRK,75,75,2222,11.8,25.0,.474,2.9,8.3,.346,9.0,16.7,.536,6.3,7.8,.810,2.6,6.0,8.6,3.8,0.8,2.6,3.9,4.1,32.8,108,111,lopezbr01,2017
Robin Lopez 2017,C,28,CHI,81,81,2271,8.5,17.2,.493,0.0,0.0,.000,8.5,17.1,.494,1.7,2.3,.721,5.4,6.1,11.5,1.8,0.4,2.6,2.0,3.3,18.6,108,108,lopezro01,2017
Kevin Love 2017,PF,28,CLE,60,60,1885,9.8,23.0,.427,3.8,10.3,.373,6.0,12.7,.471,6.8,7.8,.871,3.9,13.7,17.6,3.1,1.4,0.6,3.2,3.3,30.2,114,107,loveke01,2017
Kyle Lowry 2017,PG,30,TOR,60,60,2244,9.6,20.7,.464,4.4,10.6,.412,5.3,10.2,.518,6.8,8.2,.819,1.1,5.4,6.5,9.4,2.0,0.4,3.9,3.8,30.4,123,109,lowryky01,2017
John Lucas III 2017,PG,34,MIN,5,0,11,4.6,18.4,.250,0.0,4.6,.000,4.6,13.8,.333,0.0,0.0,,0.0,0.0,0.0,4.6,9.2,0.0,0.0,0.0,9.2,70,101,lucasjo02,2017
Timothé Luwawu-Cabarrot 2017,SF,21,PHI,69,19,1190,5.9,14.8,.402,2.0,6.6,.311,3.9,8.2,.475,4.3,5.0,.854,1.0,5.1,6.1,3.1,1.3,0.4,3.0,6.3,18.2,100,111,luwawti01,2017
Trey Lyles 2017,PF,21,UTA,71,4,1158,7.2,19.9,.362,2.9,9.2,.319,4.3,10.6,.400,2.6,3.6,.722,2.2,8.5,10.6,3.1,1.2,0.9,2.9,4.4,19.9,94,106,lylestr01,2017
Sheldon Mac 2017,SG,24,WAS,30,3,287,5.2,12.9,.400,1.2,5.2,.233,4.0,7.7,.511,4.0,4.6,.852,0.7,5.2,5.8,2.6,1.4,0.3,0.9,2.9,15.5,112,112,mcclesh01,2017
Shelvin Mack 2017,PG,26,UTA,55,9,1205,7.4,16.6,.446,1.6,5.2,.308,5.8,11.4,.510,2.3,3.4,.688,0.9,4.6,5.4,6.7,1.8,0.1,3.9,4.4,18.7,99,107,macksh01,2017
Ian Mahinmi 2017,C,30,WAS,31,0,555,5.8,9.9,.586,0.0,0.0,,5.8,9.9,.586,3.8,6.7,.573,4.2,9.1,13.3,1.7,2.9,2.1,3.0,8.0,15.4,110,104,mahinia01,2017
Thon Maker 2017,C,19,MIL,57,34,562,7.5,16.4,.459,2.5,6.7,.378,5.0,9.7,.514,2.9,4.4,.653,3.6,6.7,10.3,2.1,0.9,2.3,1.5,7.6,20.4,114,110,makerth01,2017
Boban Marjanović 2017,C,28,DET,35,0,293,12.4,22.8,.545,0.0,0.0,,12.4,22.8,.545,8.1,10.0,.810,7.9,14.5,22.4,1.6,1.0,2.1,1.7,4.3,32.9,128,103,marjabo01,2017
Jarell Martin 2017,PF,22,MEM,42,3,558,5.4,14.1,.384,0.8,2.3,.360,4.6,11.7,.389,3.7,4.7,.800,3.9,11.2,15.1,0.7,1.6,0.8,2.6,8.5,15.4,96,105,martija01,2017
Wesley Matthews 2017,SG,30,DAL,73,73,2495,6.9,17.7,.393,3.6,10.0,.363,3.3,7.7,.432,3.0,3.7,.816,0.4,5.0,5.4,4.4,1.6,0.3,2.1,3.4,20.6,104,110,matthwe02,2017
Luc Mbah a Moute 2017,SF,30,LAC,80,76,1787,5.3,10.6,.505,1.2,3.1,.391,4.1,7.5,.552,1.6,2.4,.678,1.2,3.5,4.8,1.1,2.3,1.0,1.3,3.4,13.5,111,109,mbahalu01,2017
James Michael McAdoo 2017,PF,24,GSW,52,2,457,6.5,12.3,.530,0.2,0.8,.250,6.3,11.5,.550,2.2,4.4,.500,3.6,6.0,9.6,1.9,1.9,3.1,2.0,4.9,15.5,108,103,mcadoja01,2017
Patrick McCaw 2017,SG,21,GSW,71,20,1074,4.7,11.0,.433,1.8,5.5,.333,2.9,5.5,.533,1.3,1.7,.784,0.9,3.5,4.5,3.4,1.4,0.7,1.6,2.8,12.6,107,108,mccawpa01,2017
CJ McCollum 2017,SG,25,POR,80,80,2796,12.3,25.6,.480,3.3,7.8,.421,9.0,17.8,.506,4.8,5.2,.912,1.1,4.1,5.1,5.1,1.3,0.7,3.1,3.6,32.6,114,113,mccolcj01,2017
T.J. McConnell 2017,PG,24,PHI,81,51,2133,5.4,11.7,.461,0.3,1.3,.200,5.1,10.4,.492,1.7,2.1,.811,0.9,4.8,5.7,12.2,3.1,0.2,3.6,3.2,12.7,107,108,mccontj01,2017
Chris McCullough 2017,PF,21,TOT,16,0,80,9.5,19.0,.500,0.6,4.2,.143,8.9,14.9,.600,1.8,3.0,.600,5.4,5.9,11.3,1.2,1.2,1.2,1.8,4.2,21.4,107,112,mcculch01,2017
K.J. McDaniels 2017,SF,23,TOT,49,0,505,7.3,15.9,.456,1.9,6.2,.303,5.4,9.7,.553,3.0,3.6,.842,1.4,6.3,7.7,1.2,1.8,1.7,2.7,4.6,19.4,100,109,mcdankj01,2017
Doug McDermott 2017,SF,25,TOT,66,5,1508,7.4,16.5,.447,2.6,6.9,.370,4.8,9.6,.502,2.4,2.8,.845,0.7,5.3,5.9,1.9,0.4,0.2,1.3,2.6,19.6,112,112,mcderdo01,2017
JaVale McGee 2017,C,29,GSW,77,10,739,13.5,20.8,.652,0.0,0.2,.000,13.5,20.6,.658,3.6,7.2,.505,6.5,9.4,15.9,1.1,1.2,4.4,2.6,7.1,30.7,120,101,mcgeeja01,2017
Rodney McGruder 2017,SG,25,MIA,78,65,1966,4.9,11.8,.413,1.9,5.6,.332,3.0,6.2,.488,1.1,1.8,.620,2.4,4.2,6.6,3.2,1.2,0.5,1.4,3.6,12.7,108,110,mcgruro01,2017
Ben McLemore 2017,SG,23,SAC,61,26,1176,7.7,18.0,.430,2.8,7.3,.382,4.9,10.7,.462,3.0,4.0,.753,0.8,4.7,5.6,2.2,1.2,0.3,2.7,4.6,21.3,99,114,mclembe01,2017
Jordan McRae 2017,SG,25,CLE,37,4,384,7.5,19.5,.387,2.3,6.6,.353,5.2,12.9,.404,3.5,4.4,.794,0.8,4.5,5.3,2.5,1.0,0.8,1.8,4.0,20.9,99,113,mcraejo01,2017
Josh McRoberts 2017,PF,29,MIA,22,14,381,5.8,15.6,.373,1.7,4.1,.419,4.1,11.5,.356,0.8,1.2,.667,3.0,6.7,9.8,6.6,1.3,0.5,3.0,4.1,14.2,97,108,mcrobjo01,2017
Jodie Meeks 2017,SG,29,ORL,36,10,738,6.9,17.2,.402,3.8,9.2,.409,3.2,8.0,.395,4.4,5.0,.878,0.3,4.8,5.2,3.0,2.3,0.3,2.4,2.8,22.0,107,111,meeksjo01,2017
Salah Mejri 2017,C,30,DAL,73,11,905,5.1,7.9,.642,0.1,0.2,.333,5.0,7.7,.649,2.1,3.5,.590,5.6,12.1,17.7,0.8,1.8,3.5,2.3,8.7,12.2,121,102,mejrisa01,2017
Jordan Mickey 2017,PF,22,BOS,25,1,141,5.3,12.0,.441,0.0,0.4,.000,5.3,11.6,.455,2.8,4.9,.571,4.6,7.4,12.0,2.5,1.1,2.1,3.2,4.2,13.4,96,108,mickejo01,2017
Khris Middleton 2017,SF,25,MIL,29,23,889,8.6,19.0,.450,2.6,5.9,.433,6.0,13.1,.459,4.6,5.3,.880,0.6,6.4,7.0,5.7,2.3,0.4,3.7,4.5,24.3,106,109,middlkh01,2017
C.J. Miles 2017,SF,29,IND,76,29,1776,7.9,18.2,.434,4.8,11.5,.413,3.2,6.7,.471,2.4,2.6,.903,0.8,5.6,6.5,1.4,1.3,0.7,1.1,4.3,23.0,115,111,milescj01,2017
Mike Miller 2017,SF,36,DEN,20,0,151,2.9,7.4,.391,2.6,6.5,.400,0.3,1.0,.333,0.6,0.6,1.000,0.6,11.6,12.3,7.1,0.6,0.0,4.2,2.9,9.1,98,113,millemi01,2017
Patty Mills 2017,PG,28,SAS,80,8,1754,7.9,18.0,.440,4.3,10.3,.414,3.7,7.7,.474,1.9,2.3,.825,0.7,3.4,4.1,8.1,1.9,0.1,2.9,3.2,22.1,114,107,millspa02,2017
Elijah Millsap 2017,SG,29,PHO,2,0,23,2.1,14.6,.143,0.0,4.2,.000,2.1,10.4,.200,2.1,4.2,.500,6.2,6.2,12.5,2.1,0.0,0.0,4.2,4.2,6.2,57,117,millsel01,2017
Paul Millsap 2017,PF,31,ATL,69,67,2343,9.0,20.4,.442,1.6,5.1,.311,7.5,15.4,.486,6.5,8.5,.768,2.3,8.9,11.2,5.3,1.9,1.3,3.3,3.9,26.2,108,104,millspa01,2017
Nikola Mirotić 2017,PF,25,CHI,70,15,1679,7.7,18.8,.413,3.9,11.3,.342,3.9,7.4,.520,3.0,3.8,.773,1.8,9.7,11.5,2.3,1.6,1.7,2.4,3.8,22.3,107,105,mirotni01,2017
Greg Monroe 2017,C,26,MIL,81,0,1823,10.8,20.2,.533,0.0,0.1,.000,10.8,20.1,.536,4.9,6.7,.741,4.7,10.2,14.8,5.2,2.6,1.1,3.9,4.7,26.5,111,105,monrogr01,2017
E'Twaun Moore 2017,SG,27,NOP,73,22,1820,7.6,16.7,.457,2.1,5.6,.370,5.5,11.1,.501,1.5,2.0,.770,0.9,3.2,4.1,4.4,1.3,0.9,1.7,3.5,18.8,107,111,mooreet01,2017
Marcus Morris 2017,SF,27,DET,79,79,2565,8.3,19.8,.418,2.3,7.0,.331,6.0,12.8,.466,2.9,3.6,.784,1.5,5.7,7.2,3.2,1.0,0.5,1.7,3.3,21.8,105,109,morrima03,2017
Markieff Morris 2017,PF,27,WAS,76,76,2374,8.4,18.5,.457,1.5,4.1,.362,7.0,14.4,.483,3.7,4.5,.837,2.2,8.0,10.2,2.6,1.7,0.9,2.7,5.3,22.1,106,109,morrima02,2017
Anthony Morrow 2017,SG,31,TOT,49,7,714,6.8,17.4,.389,2.8,9.2,.308,3.9,8.2,.479,2.3,2.6,.919,0.8,1.3,2.1,1.7,1.7,0.1,0.4,3.0,18.7,112,112,morroan01,2017
Donatas Motiejūnas 2017,PF,26,NOP,34,0,479,5.8,14.1,.413,1.1,4.8,.234,4.7,9.3,.505,2.6,5.0,.510,2.7,7.7,10.3,3.3,1.8,1.1,3.2,5.6,15.3,91,106,motiedo01,2017
Timofey Mozgov 2017,C,30,LAL,54,52,1104,7.5,14.5,.515,0.0,0.0,.000,7.5,14.4,.517,2.8,3.4,.808,4.6,7.1,11.7,1.9,0.7,1.4,3.2,5.9,17.7,106,114,mozgoti01,2017
Emmanuel Mudiay 2017,PG,20,DEN,55,41,1406,7.2,19.1,.377,1.9,6.2,.315,5.3,13.0,.408,4.5,5.8,.784,1.0,5.2,6.2,7.5,1.4,0.5,4.3,3.3,20.9,98,114,mudiaem01,2017
Shabazz Muhammad 2017,SF,24,MIN,78,1,1516,9.6,20.0,.482,1.6,4.9,.338,8.0,15.2,.528,4.9,6.4,.774,2.8,4.5,7.4,1.2,0.7,0.2,1.9,2.9,25.8,114,116,muhamsh01,2017
Dejounte Murray 2017,PG,20,SAS,38,8,322,7.9,18.4,.431,1.4,3.6,.391,6.5,14.7,.441,3.3,4.7,.700,0.9,5.7,6.6,7.6,1.3,0.9,6.0,4.6,20.6,91,106,murrade01,2017
Jamal Murray 2017,SG,19,DEN,82,10,1764,8.2,20.2,.404,3.2,9.5,.334,5.0,10.7,.466,2.9,3.3,.883,1.1,4.8,5.9,4.7,1.4,0.7,3.1,3.4,22.5,103,114,murraja01,2017
Mike Muscala 2017,C,25,ATL,70,3,1237,6.8,13.4,.504,1.8,4.4,.418,4.9,9.0,.546,2.0,2.6,.766,3.0,6.5,9.6,3.8,1.2,1.6,2.2,3.9,17.3,116,107,muscami01,2017
Larry Nance Jr. 2017,PF,24,LAL,63,7,1442,6.4,12.2,.526,0.3,1.2,.278,6.1,11.0,.554,2.0,2.7,.738,4.1,8.4,12.5,3.2,2.8,1.3,1.9,5.0,15.2,117,109,nancela02,2017
Shabazz Napier 2017,PG,25,POR,53,2,512,7.1,17.7,.399,3.3,8.9,.370,3.8,8.8,.429,3.7,4.8,.776,0.8,5.1,5.9,6.5,3.1,0.2,4.0,3.7,21.1,102,109,napiesh01,2017
Maurice Ndour 2017,PF,24,NYK,32,4,331,5.9,13.0,.453,0.2,1.1,.143,5.7,11.9,.481,2.9,3.9,.731,3.3,6.3,9.7,1.2,2.3,1.2,1.8,4.5,14.8,104,110,ndourma01,2017
Gary Neal 2017,SG,32,ATL,2,0,18,0.0,19.2,.000,0.0,5.5,.000,0.0,13.7,.000,11.0,11.0,1.000,0.0,2.7,2.7,2.7,0.0,0.0,0.0,2.7,11.0,61,114,nealga01,2017
Jameer Nelson 2017,PG,34,DEN,75,39,2045,6.4,14.4,.444,2.5,6.5,.388,3.9,7.9,.489,1.1,1.5,.714,0.7,3.9,4.6,9.2,1.3,0.2,3.1,4.7,16.4,111,115,nelsoja01,2017
Raul Neto 2017,PG,24,UTA,40,0,346,6.2,13.8,.451,1.5,4.7,.323,4.7,9.1,.517,1.2,1.4,.889,0.6,3.9,4.5,5.2,3.2,0.8,2.3,7.3,15.2,105,104,netora01,2017
Georges Niang 2017,PF,23,IND,23,0,93,4.8,19.4,.250,0.5,6.5,.083,4.3,12.9,.333,1.1,1.1,1.000,1.1,8.1,9.1,2.7,1.6,0.0,2.7,3.2,11.3,62,110,niangge01,2017
Andrew Nicholson 2017,PF,27,TOT,38,0,342,6.1,15.8,.387,0.7,3.8,.185,5.4,12.0,.452,1.3,2.0,.643,2.1,6.5,8.7,1.4,2.3,0.9,2.4,7.8,14.2,85,108,nichoan01,2017
Joakim Noah 2017,C,31,NYK,46,46,1015,4.9,10.0,.490,0.0,0.0,.000,4.9,9.9,.493,1.7,3.8,.436,8.0,11.9,19.9,5.1,1.5,1.8,2.9,6.3,11.4,111,108,noahjo01,2017
Nerlens Noel 2017,C,22,TOT,51,19,1047,8.8,14.8,.595,0.0,0.0,.000,8.8,14.8,.597,3.7,5.3,.694,4.5,9.6,14.1,2.4,3.1,2.4,2.4,6.0,21.3,119,102,noelne01,2017
Lucas Nogueira 2017,C,24,TOR,57,6,1088,4.8,7.3,.660,0.1,0.6,.250,4.7,6.7,.694,2.0,3.1,.657,3.8,7.5,11.4,2.0,2.4,4.1,2.1,6.4,11.8,125,102,noguelu01,2017
Steve Novak 2017,PF,33,MIL,8,0,22,4.6,16.2,.286,2.3,13.9,.167,2.3,2.3,1.000,0.0,0.0,,0.0,6.9,6.9,0.0,0.0,0.0,0.0,2.3,11.5,75,115,novakst01,2017
Dirk Nowitzki 2017,PF,38,DAL,54,54,1424,10.8,24.8,.437,2.9,7.6,.378,7.9,17.1,.463,3.6,4.1,.875,0.8,12.1,12.9,3.0,1.1,1.4,1.9,4.1,28.1,103,106,nowitdi01,2017
Jusuf Nurkić 2017,C,22,TOT,65,48,1391,9.6,18.9,.507,0.0,0.0,.000,9.6,18.8,.508,4.2,7.4,.571,5.4,11.1,16.5,4.3,1.8,2.6,5.1,5.7,23.4,101,107,nurkiju01,2017
David Nwaba 2017,SG,24,LAL,20,2,397,5.8,9.9,.580,0.1,0.6,.200,5.6,9.3,.605,3.1,4.8,.641,2.1,5.6,7.7,1.7,1.6,0.9,1.4,4.4,14.7,121,114,nwabada01,2017
Johnny O'Bryant 2017,PF,23,TOT,11,0,80,9.3,18.5,.500,1.9,3.7,.500,7.4,14.8,.500,3.1,3.7,.833,5.6,6.2,11.7,3.7,0.0,0.6,3.7,6.2,23.5,112,115,obryajo01,2017
Kyle O'Quinn 2017,C,26,NYK,79,8,1229,8.7,16.8,.521,0.1,0.7,.118,8.7,16.1,.538,2.6,3.4,.771,6.4,11.5,17.9,4.8,1.5,4.2,3.1,7.1,20.2,114,105,oquinky01,2017
Daniel Ochefu 2017,C,23,WAS,19,0,75,7.9,17.7,.444,0.0,0.0,,7.9,17.7,.444,0.0,1.3,.000,3.3,11.2,14.5,2.0,1.3,0.0,2.0,11.2,15.8,91,108,ochefda01,2017
Jahlil Okafor 2017,C,21,PHI,50,33,1134,10.4,20.2,.514,0.0,0.0,,10.4,20.2,.514,4.6,6.8,.671,3.5,6.8,10.3,2.5,0.9,2.1,3.9,5.2,25.3,101,110,okafoja01,2017
Victor Oladipo 2017,SG,24,OKC,67,67,2222,9.1,20.6,.442,2.8,7.8,.361,6.3,12.8,.491,2.6,3.4,.753,0.9,5.6,6.4,3.9,1.7,0.5,2.6,3.4,23.6,106,109,oladivi01,2017
Kelly Olynyk 2017,C,25,BOS,75,6,1538,8.4,16.4,.512,2.2,6.2,.354,6.2,10.2,.608,2.9,4.0,.732,2.4,9.3,11.6,4.8,1.4,0.9,3.1,6.7,21.9,113,107,olynyke01,2017
Arinze Onuaku 2017,C,29,ORL,8,0,28,3.5,7.1,.500,0.0,0.0,,3.5,7.1,.500,0.0,0.0,,3.5,7.1,10.6,3.5,0.0,1.8,3.5,5.3,7.1,90,113,onuakar01,2017
Chinanu Onuaku 2017,C,20,HOU,5,1,52,4.6,6.5,.714,0.0,0.0,,4.6,6.5,.714,3.7,3.7,1.000,1.8,7.4,9.2,2.8,2.8,0.9,3.7,5.5,12.9,119,106,onuakch01,2017
Kelly Oubre Jr. 2017,SF,21,WAS,79,5,1605,5.7,13.6,.421,1.7,5.8,.287,4.1,7.8,.520,2.3,3.0,.758,1.9,6.1,8.0,1.4,1.8,0.5,1.5,6.0,15.4,104,110,oubreke01,2017
Zaza Pachulia 2017,C,32,GSW,70,70,1268,6.2,11.6,.534,0.0,0.1,.000,6.2,11.6,.538,3.7,4.8,.778,5.3,10.2,15.6,5.0,2.2,1.3,3.3,6.3,16.2,118,101,pachuza01,2017
Georgios Papagiannis 2017,C,19,SAC,22,0,355,8.0,14.5,.549,0.0,0.3,.000,8.0,14.3,.560,1.7,2.0,.857,3.4,8.8,12.3,2.9,0.4,2.4,3.4,6.3,17.7,104,111,papagge01,2017
Jabari Parker 2017,PF,21,MIL,51,50,1728,11.7,23.9,.490,1.9,5.2,.365,9.8,18.7,.525,4.8,6.4,.743,2.3,6.9,9.2,4.2,1.5,0.6,2.7,3.3,30.1,110,110,parkeja01,2017
Tony Parker 2017,PG,34,SAS,63,63,1587,8.5,18.3,.466,0.7,2.2,.333,7.8,16.1,.484,2.7,3.8,.726,0.3,3.3,3.6,9.2,1.1,0.1,2.9,3.0,20.5,107,109,parketo01,2017
Chandler Parsons 2017,SF,28,MEM,34,34,675,5.8,17.1,.338,1.9,7.2,.269,3.9,9.9,.388,2.7,3.3,.814,0.5,6.0,6.5,4.2,1.5,0.4,1.8,4.0,16.2,93,109,parsoch01,2017
Lamar Patterson 2017,SG,25,ATL,5,0,40,3.7,18.5,.200,1.2,7.4,.167,2.5,11.1,.222,2.5,3.7,.667,1.2,7.4,8.6,7.4,1.2,0.0,4.9,7.4,11.1,64,108,pattela01,2017
Patrick Patterson 2017,PF,27,TOR,65,8,1599,4.9,12.2,.401,3.0,8.0,.372,1.9,4.2,.458,1.4,1.9,.717,2.0,7.3,9.3,2.4,1.3,0.7,1.2,3.8,14.1,115,109,pattepa01,2017
Chris Paul 2017,PG,31,LAC,61,61,1921,9.7,20.4,.476,3.2,7.9,.411,6.5,12.6,.518,6.0,6.8,.892,1.0,6.9,7.9,14.6,3.1,0.2,3.8,3.8,28.7,126,106,paulch01,2017
Adreian Payne 2017,PF,25,MIN,18,0,135,8.6,20.3,.426,1.1,5.6,.200,7.5,14.7,.513,5.3,7.1,.737,3.4,9.0,12.4,2.6,3.0,2.6,3.0,12.0,23.7,103,105,paynead01,2017
Cameron Payne 2017,PG,22,TOT,31,0,462,6.9,20.7,.332,2.9,9.2,.314,4.0,11.5,.346,0.5,0.9,.625,0.3,4.8,5.1,5.9,1.5,0.4,3.1,5.6,17.1,86,110,payneca01,2017
Elfrid Payton 2017,PG,22,ORL,82,58,2412,8.8,18.7,.471,0.8,3.0,.274,8.0,15.7,.509,3.0,4.3,.692,1.8,6.1,8.0,10.9,1.8,0.8,3.7,3.6,21.5,107,111,paytoel01,2017
Gary Payton II 2017,PG,24,MIL,6,0,99,4.1,11.3,.364,0.5,4.6,.111,3.6,6.7,.538,1.5,2.6,.600,0.0,6.2,6.2,6.7,1.5,2.1,5.1,4.6,10.3,74,109,paytoga02,2017
Paul Pierce 2017,SF,39,LAC,25,7,277,5.1,12.6,.400,2.7,7.8,.349,2.3,4.9,.481,1.8,2.3,.769,0.2,8.5,8.7,1.8,0.7,0.9,2.9,7.2,14.6,92,109,piercpa01,2017
Marshall Plumlee 2017,C,24,NYK,21,1,170,4.7,8.8,.533,0.0,0.0,,4.7,8.8,.533,2.4,5.6,.421,6.8,8.2,15.0,2.9,1.2,1.2,3.5,6.8,11.8,103,111,plumlma02,2017
Mason Plumlee 2017,C,26,TOT,81,64,2148,7.7,14.3,.536,0.0,0.1,.000,7.7,14.2,.541,4.0,6.9,.580,3.9,10.0,13.9,6.5,1.6,2.1,3.1,5.2,19.4,114,108,plumlma01,2017
Miles Plumlee 2017,C,28,TOT,45,12,484,4.6,9.6,.478,0.0,0.0,,4.6,9.6,.478,2.6,4.1,.641,4.0,6.0,9.9,2.2,1.9,1.4,3.1,7.6,11.8,99,109,plumlmi01,2017
Jakob Poeltl 2017,C,21,TOR,54,4,626,5.4,9.3,.583,0.0,0.0,,5.4,9.3,.583,2.5,4.6,.544,6.3,7.0,13.4,1.0,1.4,1.6,2.3,9.1,13.4,118,108,poeltja01,2017
Otto Porter 2017,SF,23,WAS,80,80,2605,7.8,15.2,.516,2.8,6.5,.434,5.0,8.7,.576,1.9,2.3,.832,2.2,7.5,9.7,2.3,2.2,0.8,0.8,3.7,20.3,129,108,porteot01,2017
Bobby Portis 2017,PF,21,CHI,64,13,1000,9.2,18.9,.488,1.6,4.8,.333,7.6,14.1,.541,2.0,3.0,.661,3.8,11.1,14.9,1.8,0.8,0.6,1.9,4.7,22.0,110,107,portibo01,2017
Kristaps Porziņģis 2017,PF,21,NYK,66,65,2164,10.2,22.8,.450,2.6,7.3,.357,7.6,15.5,.493,4.6,5.8,.786,2.6,8.4,11.0,2.2,1.1,3.0,2.7,5.6,27.6,108,109,porzikr01,2017
Dwight Powell 2017,C,25,DAL,77,3,1333,7.6,14.7,.515,0.8,2.9,.284,6.8,11.8,.571,4.2,5.5,.759,3.6,8.3,11.9,1.9,2.4,1.5,1.3,5.3,20.1,120,105,poweldw01,2017
Norman Powell 2017,SG,23,TOR,76,18,1368,8.4,18.7,.449,2.1,6.4,.324,6.3,12.3,.514,4.7,5.9,.792,1.0,5.3,6.3,3.0,1.9,0.5,2.6,4.7,23.6,109,109,powelno01,2017
Alex Poythress 2017,PF,23,PHI,6,1,157,7.8,16.8,.463,1.9,5.9,.316,5.9,10.9,.543,2.5,3.1,.800,3.4,5.6,9.0,1.6,0.9,0.6,0.9,4.3,19.9,115,112,poythal01,2017
Ronnie Price 2017,PG,33,PHO,14,0,134,1.4,8.6,.167,1.1,6.1,.176,0.4,2.5,.143,1.1,1.4,.750,1.1,2.9,3.9,6.4,3.9,0.4,1.1,5.0,5.0,86,110,pricero01,2017
Tim Quarterman 2017,SG,22,POR,16,0,80,8.1,18.0,.448,3.1,8.1,.385,5.0,9.9,.500,0.0,1.9,.000,2.5,6.2,8.7,6.8,1.2,1.9,6.8,3.7,19.2,88,111,quartti01,2017
Chasson Randle 2017,PG,23,TOT,26,0,299,6.6,16.3,.408,2.7,7.8,.340,4.0,8.5,.471,6.8,7.1,.953,1.0,4.3,5.3,5.6,1.5,0.3,3.2,6.5,22.8,115,113,randlch01,2017
Julius Randle 2017,PF,22,LAL,74,73,2132,8.6,17.7,.488,0.4,1.4,.270,8.2,16.2,.507,4.7,6.4,.723,3.4,11.1,14.5,6.0,1.1,0.8,4.0,5.7,22.3,107,112,randlju01,2017
Zach Randolph 2017,PF,35,MEM,73,5,1786,12.6,28.1,.449,0.6,2.7,.223,12.0,25.3,.474,4.1,5.6,.731,5.3,12.1,17.4,3.6,1.1,0.3,2.9,4.0,29.9,103,106,randoza01,2017
J.J. Redick 2017,SG,32,LAC,78,78,2198,9.0,20.2,.445,4.6,10.6,.429,4.4,9.6,.462,4.1,4.6,.891,0.3,3.6,3.9,2.5,1.2,0.3,2.2,2.8,26.7,113,112,redicjj01,2017
Willie Reed 2017,C,26,MIA,71,5,1031,7.9,13.9,.568,0.0,0.2,.250,7.9,13.7,.573,2.4,4.3,.557,6.3,9.9,16.2,1.3,0.9,2.3,1.5,6.7,18.3,122,105,reedwi02,2017
Josh Richardson 2017,SG,23,MIA,53,34,1614,6.3,16.0,.394,2.3,7.1,.330,4.0,8.9,.444,1.9,2.4,.779,1.1,4.2,5.2,4.4,1.9,1.2,2.0,4.1,16.8,102,108,richajo01,2017
Malachi Richardson 2017,SG,21,SAC,22,0,198,7.2,17.4,.412,2.0,7.2,.286,5.1,10.2,.500,3.8,4.9,.789,0.8,5.1,5.9,2.8,1.3,0.3,2.0,5.9,20.2,102,114,richama01,2017
Austin Rivers 2017,SG,24,LAC,74,29,2054,7.9,17.8,.442,2.7,7.3,.371,5.2,10.5,.491,3.2,4.6,.691,0.5,3.4,3.9,5.0,1.2,0.2,2.8,4.5,21.6,105,112,riverau01,2017
Andre Roberson 2017,SF,25,OKC,79,79,2376,4.4,9.6,.464,0.9,3.8,.245,3.5,5.8,.609,1.0,2.3,.423,2.0,6.3,8.3,1.6,1.9,1.6,1.1,4.2,10.8,108,106,roberan03,2017
Brian Roberts 2017,PG,31,CHO,41,2,416,5.5,14.7,.377,2.0,5.3,.386,3.5,9.4,.372,4.0,4.7,.846,0.6,4.1,4.7,6.3,1.1,0.1,3.1,2.2,17.1,100,112,roberbr01,2017
Glenn Robinson III 2017,SF,23,IND,69,27,1427,5.5,11.9,.467,1.7,4.4,.392,3.8,7.5,.512,1.9,2.7,.711,2.0,6.6,8.6,1.6,1.4,0.7,1.3,2.2,14.7,112,110,robingl02,2017
Thomas Robinson 2017,PF,25,LAL,48,1,560,9.1,17.1,.536,0.0,0.1,.000,9.1,17.0,.538,2.7,5.7,.470,7.3,12.1,19.4,2.7,2.3,0.8,4.0,6.6,21.0,105,109,robinth01,2017
Sergio Rodríguez 2017,PG,30,PHI,68,30,1518,6.7,17.2,.392,3.0,8.1,.365,3.8,9.1,.415,0.6,0.9,.667,0.7,4.4,5.0,11.0,1.6,0.1,4.1,3.0,17.0,99,112,rodrise01,2017
Rajon Rondo 2017,PG,30,CHI,69,42,1843,6.3,15.3,.408,1.4,3.6,.376,4.9,11.7,.418,0.8,1.4,.600,2.0,7.7,9.7,12.6,2.7,0.3,4.6,3.9,14.7,98,105,rondora01,2017
Derrick Rose 2017,PG,28,NYK,64,64,2082,11.0,23.5,.471,0.3,1.4,.217,10.7,22.0,.487,5.3,6.1,.874,1.6,4.3,5.9,6.8,1.1,0.4,3.5,2.0,27.7,108,115,rosede01,2017
Terrence Ross 2017,SF,25,TOT,78,24,1955,8.4,19.2,.437,3.6,10.1,.363,4.7,9.1,.518,1.6,2.0,.831,0.5,4.8,5.3,2.3,2.2,0.8,1.7,3.7,22.1,107,109,rosste01,2017
Terry Rozier 2017,PG,22,BOS,74,0,1263,5.9,16.1,.367,2.2,7.0,.318,3.7,9.1,.405,2.0,2.6,.773,1.6,7.3,8.9,5.1,1.8,0.4,1.8,2.7,16.1,100,108,roziete01,2017
Ricky Rubio 2017,PG,26,MIN,75,75,2469,5.4,13.4,.402,1.2,4.0,.306,4.1,9.3,.443,5.2,5.9,.891,1.4,4.9,6.3,14.0,2.6,0.2,4.0,4.1,17.2,115,112,rubiori01,2017
Damjan Rudež 2017,SF,30,ORL,45,0,314,4.9,13.9,.352,3.2,10.1,.313,1.7,3.8,.458,0.0,0.0,,0.8,3.2,3.9,3.2,1.9,0.2,1.4,4.9,12.9,95,113,rudezda01,2017
Brandon Rush 2017,SG,31,MIN,47,33,1030,3.4,9.2,.374,2.2,5.6,.386,1.3,3.6,.356,0.6,0.9,.722,0.8,4.1,4.9,2.2,1.1,1.1,1.4,2.1,9.7,101,115,rushbr01,2017
D'Angelo Russell 2017,PG,20,LAL,63,60,1811,9.4,23.3,.405,3.6,10.3,.352,5.8,13.0,.447,4.0,5.1,.782,0.8,5.1,5.9,8.2,2.3,0.4,4.7,3.5,26.5,101,113,russeda01,2017
Domantas Sabonis 2017,PF,20,OKC,81,66,1632,5.8,14.5,.399,1.5,4.8,.321,4.2,9.7,.438,1.3,2.0,.657,1.4,7.3,8.7,2.5,1.2,1.0,2.5,6.0,14.4,93,108,sabondo01,2017
Larry Sanders 2017,C,28,CLE,5,0,13,3.8,15.4,.250,0.0,0.0,,3.8,15.4,.250,7.7,7.7,1.000,11.5,3.8,15.4,0.0,3.8,3.8,7.7,19.2,15.4,85,103,sandela01,2017
Dario Šarić 2017,PF,22,PHI,81,36,2129,8.7,21.2,.411,2.4,7.8,.311,6.3,13.4,.469,3.9,5.0,.782,2.6,9.2,11.7,4.2,1.3,0.7,4.2,3.7,23.8,96,109,saricda01,2017
Tomáš Satoranský 2017,SG,25,WAS,57,3,719,4.2,10.1,.415,0.6,2.5,.243,3.6,7.5,.473,1.6,2.3,.697,1.7,4.0,5.7,6.3,1.8,0.4,2.6,4.1,10.6,101,111,satorto01,2017
Dennis Schröder 2017,PG,23,ATL,79,78,2485,10.9,24.1,.451,2.0,5.8,.340,8.9,18.2,.487,4.3,5.1,.855,0.8,4.1,4.9,9.9,1.5,0.3,5.1,3.0,28.0,103,109,schrode01,2017
Luis Scola 2017,PF,36,BRK,36,1,461,7.3,15.5,.470,1.7,5.1,.340,5.6,10.4,.535,2.6,3.8,.676,5.2,9.0,14.3,3.8,1.4,0.4,3.5,6.5,18.9,107,110,scolalu01,2017
Mike Scott 2017,PF,28,ATL,18,0,195,4.3,14.9,.288,1.0,6.8,.148,3.3,8.1,.406,1.8,2.0,.875,2.5,6.8,9.4,4.3,1.0,0.8,2.0,3.0,11.4,85,108,scottmi01,2017
Thabo Sefolosha 2017,SF,32,ATL,62,42,1596,5.4,12.2,.441,1.3,3.7,.342,4.1,8.5,.484,1.7,2.3,.733,1.7,6.7,8.3,3.3,3.0,1.0,1.8,3.0,13.7,105,103,sefolth01,2017
Wayne Selden 2017,SG,22,TOT,14,5,236,5.4,12.6,.431,1.5,6.1,.250,3.9,6.5,.600,3.0,4.8,.636,0.2,3.3,3.5,2.8,1.3,0.2,2.6,3.9,15.5,96,111,seldewa01,2017
Kevin Séraphin 2017,PF,27,IND,49,3,559,9.8,17.7,.551,0.0,0.2,.000,9.8,17.5,.556,1.3,2.0,.636,3.7,9.0,12.7,2.1,0.6,1.8,2.6,5.9,20.8,106,109,serapke01,2017
Ramon Sessions 2017,PG,30,CHO,50,1,811,6.2,16.3,.380,1.3,3.8,.339,4.9,12.4,.393,5.6,7.3,.771,0.7,3.8,4.5,8.0,1.7,0.2,2.8,2.7,19.3,103,111,sessira01,2017
Iman Shumpert 2017,SG,26,CLE,76,31,1937,5.2,12.6,.411,2.4,6.7,.360,2.8,5.9,.469,1.8,2.3,.789,1.0,4.6,5.6,2.8,1.6,0.7,2.0,3.9,14.6,104,112,shumpim01,2017
Pascal Siakam 2017,PF,22,TOR,55,38,859,6.1,12.1,.502,0.1,0.4,.143,6.0,11.7,.515,1.3,1.9,.688,3.8,7.1,10.9,1.0,1.5,2.7,1.9,6.4,13.5,106,106,siakapa01,2017
Jonathon Simmons 2017,SG,27,SAS,78,8,1392,6.5,15.4,.420,1.1,3.7,.294,5.4,11.7,.461,3.6,4.8,.750,0.7,5.1,5.9,4.6,1.7,0.9,2.8,5.3,17.7,100,105,simmojo02,2017
Kyle Singler 2017,SF,28,OKC,32,2,385,4.3,10.6,.410,0.9,4.7,.189,3.4,5.9,.587,1.7,2.2,.765,1.0,5.1,6.1,1.1,0.9,0.6,1.4,3.7,11.2,99,111,singlky01,2017
Marcus Smart 2017,SG,22,BOS,79,24,2399,5.6,15.5,.359,1.9,6.9,.283,3.6,8.6,.420,4.2,5.2,.812,1.6,4.7,6.3,7.5,2.6,0.7,3.3,4.0,17.3,102,108,smartma01,2017
Ish Smith 2017,PG,28,DET,81,32,1955,8.5,19.4,.439,0.7,2.7,.267,7.8,16.6,.467,1.9,2.6,.706,0.5,5.5,6.1,10.8,1.6,0.9,2.9,3.3,19.6,103,108,smithis01,2017
J.R. Smith 2017,SG,31,CLE,41,35,1187,5.2,15.0,.346,4.0,11.4,.351,1.2,3.6,.329,0.4,0.6,.667,0.7,4.0,4.8,2.6,1.7,0.5,1.1,3.2,14.8,101,112,smithjr01,2017
Jason Smith 2017,C,30,WAS,74,3,1068,8.0,15.2,.529,1.7,3.6,.474,6.3,11.6,.546,1.6,2.4,.686,3.0,9.0,11.9,1.7,1.0,2.5,2.7,7.8,19.4,110,108,smithja02,2017
Tony Snell 2017,SG,25,MIL,80,80,2336,5.3,11.8,.455,3.1,7.7,.406,2.2,4.0,.548,1.0,1.3,.810,0.5,4.9,5.4,2.1,1.2,0.3,1.2,2.7,14.8,114,113,snellto01,2017
Marreese Speights 2017,C,29,LAC,82,2,1286,9.5,21.3,.445,4.0,10.8,.372,5.5,10.5,.520,4.7,5.3,.876,3.4,11.1,14.5,2.5,0.9,1.6,2.7,8.9,27.6,114,106,speigma01,2017
Tiago Splitter 2017,C,32,PHI,8,0,76,9.0,19.9,.452,1.3,3.8,.333,7.7,16.0,.480,5.8,7.1,.818,5.1,9.0,14.1,2.6,0.6,0.6,3.8,5.1,25.0,105,110,splitti01,2017
Nik Stauskas 2017,SG,23,PHI,80,27,2188,5.6,14.1,.396,2.9,8.0,.368,2.6,6.1,.433,2.7,3.3,.813,0.5,4.6,5.0,4.2,1.0,0.7,2.9,3.2,16.8,100,112,stausni01,2017
Lance Stephenson 2017,SG,26,TOT,18,0,361,7.4,16.5,.450,0.8,2.8,.300,6.6,13.8,.480,1.1,1.8,.615,0.6,6.6,7.2,8.1,0.7,0.4,3.6,4.4,16.8,96,112,stephla01,2017
Jarnell Stokes 2017,C,23,DEN,2,0,7,7.0,7.0,1.000,0.0,0.0,,7.0,7.0,1.000,7.0,14.0,.500,7.0,7.0,14.0,14.0,7.0,0.0,0.0,20.9,20.9,183,101,stokeja01,2017
Diamond Stone 2017,C,19,LAC,7,0,24,6.2,27.1,.231,0.0,0.0,,6.2,27.1,.231,8.3,8.3,1.000,2.1,10.4,12.5,0.0,0.0,2.1,4.2,10.4,20.8,69,108,stonedi01,2017
Rodney Stuckey 2017,PG,30,IND,39,0,696,6.5,17.5,.373,1.4,4.3,.317,5.2,13.2,.391,5.8,7.7,.748,0.4,5.6,6.0,6.0,1.2,0.0,3.8,3.2,20.2,94,112,stuckro01,2017
Jared Sullinger 2017,PF,24,TOR,11,1,118,6.4,20.2,.319,1.3,7.7,.167,5.2,12.5,.414,1.7,3.4,.500,4.3,7.3,11.6,1.3,1.7,0.4,1.7,7.3,15.9,86,108,sullija01,2017
Edy Tavares 2017,C,24,TOT,2,0,28,7.1,8.9,.800,0.0,0.0,,7.1,8.9,.800,0.0,5.3,.000,7.1,12.5,19.6,1.8,0.0,10.7,3.6,5.3,14.2,109,98,tavarwa01,2017
Isaiah Taylor 2017,PG,22,HOU,4,0,52,0.9,6.5,.143,0.0,1.8,.000,0.9,4.6,.200,0.9,1.8,.500,0.9,1.8,2.8,2.8,0.9,0.9,0.0,5.5,2.8,73,114,taylois01,2017
Jeff Teague 2017,PG,28,IND,82,82,2657,7.6,17.1,.442,1.7,4.7,.357,5.9,12.4,.475,6.8,7.8,.867,0.6,5.6,6.2,12.0,1.9,0.6,4.1,3.1,23.6,115,110,teaguje01,2017
Mirza Teletović 2017,PF,31,MIL,70,2,1133,7.0,18.7,.373,4.7,13.7,.341,2.3,5.1,.460,1.6,2.0,.778,0.5,6.8,7.3,2.2,0.5,0.6,1.7,4.9,20.2,99,113,teletmi01,2017
Garrett Temple 2017,SG,30,SAC,65,21,1728,5.4,12.6,.424,2.4,6.4,.373,3.0,6.2,.476,1.7,2.2,.784,0.9,4.5,5.4,4.9,2.5,0.8,2.3,4.1,14.8,106,111,templga01,2017
Jason Terry 2017,SG,39,MIL,74,0,1365,3.9,9.0,.432,2.7,6.4,.427,1.2,2.7,.444,0.9,1.1,.828,0.6,3.4,3.9,3.6,1.7,0.7,1.3,3.5,11.4,116,112,terryja01,2017
Isaiah Thomas 2017,PG,27,BOS,76,76,2569,13.2,28.4,.463,4.7,12.5,.379,8.4,16.0,.528,11.4,12.5,.909,0.8,3.1,4.0,8.6,1.4,0.3,4.1,3.2,42.4,122,112,thomais02,2017
Lance Thomas 2017,PF,28,NYK,46,15,968,5.0,12.6,.398,2.0,4.4,.447,3.0,8.2,.371,2.2,2.6,.843,1.7,5.7,7.3,1.8,1.1,0.3,1.3,4.4,14.2,108,114,thomala01,2017
Hollis Thompson 2017,SG,25,TOT,40,9,752,5.0,13.0,.385,2.1,6.2,.337,2.9,6.8,.429,1.2,1.9,.655,1.2,6.0,7.3,2.3,1.3,0.4,0.7,4.5,13.3,102,111,thompho01,2017
Klay Thompson 2017,SG,26,GSW,78,78,2649,11.7,25.0,.468,4.9,11.8,.414,6.8,13.2,.516,3.4,4.0,.853,0.9,4.3,5.2,2.9,1.2,0.7,2.3,2.5,31.6,111,108,thompkl01,2017
Tristan Thompson 2017,C,25,CLE,78,78,2336,5.6,9.3,.600,0.0,0.1,.000,5.6,9.3,.604,2.3,4.6,.498,6.1,9.2,15.3,1.6,0.8,1.8,1.4,3.8,13.5,128,109,thomptr01,2017
Marcus Thornton 2017,SG,29,WAS,33,1,575,7.2,18.0,.400,2.4,6.9,.350,4.8,11.1,.431,2.0,2.3,.852,1.9,4.6,6.5,3.5,1.6,0.3,2.1,4.1,18.8,102,112,thornma01,2017
Mike Tobey 2017,C,22,CHO,2,0,25,2.0,8.0,.250,0.0,0.0,,2.0,8.0,.250,0.0,0.0,,4.0,2.0,6.0,2.0,0.0,0.0,2.0,4.0,4.0,73,116,tobeymi01,2017
Anthony Tolliver 2017,PF,31,SAC,65,9,1477,5.3,12.0,.442,3.1,7.9,.391,2.2,4.1,.537,2.1,2.8,.744,1.7,6.4,8.1,2.6,1.2,0.7,1.9,3.7,15.8,113,113,tollian01,2017
Axel Toupane 2017,SF,24,TOT,4,0,47,5.2,9.4,.556,1.0,4.2,.250,4.2,5.2,.800,0.0,0.0,,0.0,1.0,1.0,0.0,1.0,1.0,0.0,6.3,11.5,117,113,toupaax01,2017
Karl-Anthony Towns 2017,C,21,MIN,82,82,3030,13.4,24.8,.542,1.7,4.6,.367,11.7,20.2,.582,6.0,7.2,.832,5.0,11.9,16.9,3.7,0.9,1.7,3.5,4.0,34.5,121,110,townska01,2017
P.J. Tucker 2017,SF,31,TOT,81,21,2236,4.3,10.5,.413,1.5,4.3,.357,2.8,6.2,.451,1.6,2.0,.774,2.5,7.7,10.2,2.2,2.5,0.4,1.4,4.3,11.7,109,109,tuckepj01,2017
Evan Turner 2017,SF,28,POR,65,12,1658,7.0,16.5,.426,0.9,3.5,.263,6.1,13.0,.470,2.5,3.1,.825,1.1,6.3,7.4,6.1,1.6,0.7,3.0,3.6,17.5,100,111,turneev01,2017
Myles Turner 2017,C,20,IND,81,81,2541,8.7,17.1,.511,0.8,2.3,.348,8.0,14.9,.536,4.8,6.0,.809,2.7,8.9,11.6,2.1,1.5,3.4,2.1,5.2,23.1,115,105,turnemy01,2017
Beno Udrih 2017,PG,34,DET,39,0,560,8.3,17.8,.467,1.0,2.9,.344,7.3,14.9,.491,2.9,3.1,.941,0.5,4.6,5.1,11.8,1.2,0.0,3.2,2.6,20.5,112,110,udrihbe01,2017
Tyler Ulis 2017,PG,21,PHO,61,15,1123,7.8,18.6,.421,0.9,3.4,.266,6.9,15.3,.455,2.3,3.0,.775,0.9,3.2,4.0,9.6,2.0,0.2,3.3,3.1,18.9,102,114,ulisty01,2017
Jarrod Uthoff 2017,PF,23,DAL,9,0,115,7.2,17.2,.421,1.4,4.1,.333,5.9,13.1,.448,2.3,3.2,.714,3.6,6.3,10.0,4.1,0.9,1.8,1.4,3.6,18.1,107,109,uthofja01,2017
Jonas Valančiūnas 2017,C,24,TOR,80,80,2066,9.6,17.2,.557,0.0,0.0,.500,9.6,17.2,.557,4.3,5.3,.811,5.5,13.1,18.6,1.4,0.9,1.5,2.6,5.3,23.5,120,105,valanjo01,2017
Denzel Valentine 2017,SG,23,CHI,57,0,976,5.3,14.9,.354,3.8,10.7,.351,1.5,4.1,.363,0.7,0.9,.778,0.6,7.2,7.8,3.3,1.5,0.4,2.5,4.4,15.0,95,108,valende01,2017
Fred VanVleet 2017,PG,22,TOR,37,0,294,6.7,19.1,.351,1.9,5.0,.379,4.8,14.1,.341,3.1,3.8,.818,0.7,6.6,7.2,6.0,2.8,0.5,2.6,6.2,18.4,96,106,vanvlfr01,2017
Anderson Varejão 2017,C,34,GSW,14,1,92,2.6,7.3,.357,0.0,0.0,,2.6,7.3,.357,4.2,5.8,.727,6.3,7.8,14.1,5.2,1.6,1.6,4.2,8.4,9.4,104,104,varejan01,2017
Greivis Vásquez 2017,PG,30,BRK,3,0,39,2.4,9.7,.250,1.2,3.6,.333,1.2,6.1,.200,2.4,3.6,.667,0.0,2.4,2.4,6.1,1.2,1.2,1.2,7.3,8.5,91,113,vasqugr01,2017
Rashad Vaughn 2017,SG,20,MIL,41,2,458,6.3,17.3,.365,2.9,9.0,.321,3.4,8.3,.413,0.2,0.6,.400,0.4,5.0,5.4,2.6,2.1,1.1,1.6,3.5,15.7,89,110,vaughra01,2017
Noah Vonleh 2017,PF,21,POR,74,41,1265,5.1,10.6,.481,0.3,0.8,.350,4.8,9.8,.492,2.4,3.7,.638,5.1,10.0,15.2,1.2,1.2,1.1,2.5,6.0,12.8,106,110,vonleno01,2017
Nikola Vučević 2017,C,26,ORL,75,55,2163,11.1,23.6,.468,0.5,1.7,.307,10.5,21.9,.481,2.5,3.7,.669,4.0,13.8,17.9,4.8,1.7,1.7,2.7,4.1,25.1,103,105,vucevni01,2017
Sasha Vujačić 2017,SG,32,NYK,42,4,408,5.1,16.7,.309,2.8,9.1,.311,2.3,7.6,.306,2.1,2.9,.708,1.5,5.8,7.2,6.4,1.6,0.2,2.0,4.7,15.2,98,113,vujacsa01,2017
Dwyane Wade 2017,SG,35,CHI,60,59,1792,11.6,26.8,.434,1.3,4.1,.310,10.4,22.8,.456,6.3,7.9,.794,1.8,5.8,7.6,6.4,2.4,1.2,3.9,3.1,30.8,103,106,wadedw01,2017
Dion Waiters 2017,SG,25,MIA,46,43,1384,10.2,24.1,.424,3.1,7.8,.395,7.1,16.3,.438,3.0,4.6,.646,0.7,4.9,5.6,7.3,1.5,0.7,3.8,3.5,26.6,101,109,waitedi01,2017
Kemba Walker 2017,PG,26,CHO,79,79,2739,11.8,26.5,.444,4.4,11.0,.399,7.4,15.5,.476,5.6,6.6,.847,0.8,4.8,5.6,7.9,1.6,0.4,3.1,2.2,33.5,113,111,walkeke02,2017
John Wall 2017,PG,26,WAS,78,78,2836,11.2,24.9,.451,1.5,4.7,.327,9.7,20.2,.480,7.3,9.2,.801,1.0,4.6,5.7,14.4,2.7,0.9,5.6,2.6,31.4,111,108,walljo01,2017
Taurean Prince 2017,SF,22,ATL,59,10,981,5.7,14.3,.400,1.7,5.1,.324,4.1,9.2,.443,3.7,4.7,.787,1.3,6.6,7.9,2.8,2.2,1.4,3.1,4.8,16.8,96,105,princta02,2017
T.J. Warren 2017,SF,23,PHO,66,59,2048,9.4,19.0,.495,0.6,2.3,.265,8.8,16.7,.527,2.8,3.6,.773,2.9,5.0,7.9,1.8,1.8,0.9,1.3,4.1,22.2,113,113,warretj01,2017
C.J. Watson 2017,PG,32,ORL,62,9,1012,4.7,12.1,.387,1.6,5.1,.305,3.1,7.0,.448,2.8,3.2,.864,0.8,3.6,4.4,5.6,2.1,0.1,2.3,4.1,13.8,103,112,watsocj01,2017
Briante Weber 2017,PG,24,TOT,20,0,205,6.1,14.5,.417,0.2,2.4,.100,5.8,12.1,.480,2.7,3.9,.688,1.9,4.4,6.3,5.1,2.9,0.2,1.9,3.9,15.0,100,107,weberbr01,2017
David West 2017,C,36,GSW,68,0,854,7.6,14.2,.536,0.2,0.5,.375,7.4,13.7,.541,2.4,3.2,.768,2.6,8.8,11.4,8.5,2.4,2.7,4.4,5.9,17.8,109,100,westda01,2017
Russell Westbrook 2017,PG,28,OKC,81,81,2802,14.4,34.0,.425,3.5,10.2,.343,10.9,23.8,.459,12.4,14.7,.845,2.4,12.7,15.1,14.7,2.3,0.5,7.7,3.3,44.8,112,104,westbru01,2017
Okaro White 2017,PF,24,MIA,35,0,471,3.5,9.3,.379,1.3,3.6,.353,2.2,5.7,.396,2.1,2.4,.909,2.7,6.1,8.8,2.2,1.1,1.1,1.9,5.6,10.5,104,108,whiteok01,2017
Isaiah Whitehead 2017,PG,21,BRK,73,26,1643,5.9,14.7,.402,1.3,4.3,.295,4.6,10.4,.446,2.6,3.3,.805,0.9,4.4,5.3,5.5,1.2,1.0,4.1,5.0,15.7,91,113,whiteis01,2017
Hassan Whiteside 2017,C,27,MIA,77,77,2513,10.9,19.5,.557,0.0,0.0,,10.9,19.5,.557,4.5,7.2,.628,5.9,15.9,21.8,1.1,1.1,3.2,3.1,4.5,26.3,113,100,whiteha01,2017
Andrew Wiggins 2017,SF,21,MIN,82,82,3048,11.8,26.1,.452,1.7,4.8,.356,10.1,21.3,.473,6.9,9.0,.760,1.7,3.8,5.5,3.1,1.4,0.5,3.1,3.0,32.2,107,115,wiggian01,2017
C.J. Wilcox 2017,SG,26,ORL,22,0,108,3.7,14.2,.258,1.4,6.9,.200,2.3,7.3,.313,0.9,0.9,1.000,1.8,3.7,5.5,5.5,0.9,0.5,2.8,3.7,9.6,77,114,wilcocj01,2017
Alan Williams 2017,C,24,PHO,47,0,708,9.3,18.1,.517,0.0,0.1,.000,9.3,18.0,.519,4.7,7.6,.625,6.4,13.4,19.7,1.6,1.8,2.2,2.5,8.5,23.4,113,106,willial03,2017
Deron Williams 2017,PG,32,TOT,64,44,1657,8.2,18.6,.438,2.6,7.3,.363,5.5,11.4,.486,2.8,3.4,.826,0.4,4.1,4.6,11.2,1.0,0.2,4.3,4.3,21.7,106,113,willide01,2017
Derrick Williams 2017,PF,25,TOT,50,11,804,6.7,15.2,.443,1.9,6.0,.309,4.9,9.2,.531,3.6,5.6,.652,1.2,6.9,8.1,1.7,0.9,0.4,1.7,3.7,19.0,106,111,willide02,2017
Lou Williams 2017,SG,30,TOT,81,1,1994,10.4,24.3,.429,4.0,10.8,.365,6.4,13.4,.480,9.8,11.1,.880,0.6,4.3,4.9,5.8,1.9,0.5,3.9,2.2,34.6,115,113,willilo02,2017
Marvin Williams 2017,PF,30,CHO,76,76,2295,6.5,15.4,.422,2.7,7.7,.350,3.8,7.7,.494,2.9,3.3,.873,1.9,9.0,10.9,2.3,1.3,1.2,1.3,2.9,18.6,111,108,willima02,2017
Reggie Williams 2017,SF,30,NOP,6,0,79,5.0,14.3,.348,3.1,6.8,.455,1.9,7.4,.250,3.7,4.3,.857,1.2,2.5,3.7,2.5,1.9,0.0,0.0,1.2,16.7,115,111,willire02,2017
Troy Williams 2017,SF,22,TOT,30,16,557,6.7,15.3,.437,1.6,5.7,.290,5.0,9.6,.524,1.9,2.9,.656,1.4,4.9,6.3,2.3,2.5,0.9,2.9,5.5,16.9,95,107,willitr02,2017
Kyle Wiltjer 2017,PF,24,HOU,14,0,44,4.4,15.3,.286,4.4,14.2,.308,0.0,1.1,.000,1.1,2.2,.500,4.4,6.5,10.9,2.2,3.3,1.1,5.5,4.4,14.2,81,105,wiltjky01,2017
Justise Winslow 2017,SF,20,MIA,18,15,625,6.5,18.1,.356,0.6,2.8,.200,5.9,15.3,.384,2.3,3.8,.617,1.9,5.7,7.6,5.3,2.1,0.5,2.7,4.2,15.8,88,107,winslju01,2017
Jeff Withey 2017,C,26,UTA,51,1,432,6.7,12.5,.534,0.0,0.1,.000,6.7,12.4,.539,4.4,5.8,.750,6.3,8.4,14.7,0.8,1.9,3.9,1.7,6.3,17.7,124,100,witheje01,2017
Christian Wood 2017,PF,21,CHO,13,0,107,5.6,10.8,.522,0.0,2.3,.000,5.6,8.4,.667,5.2,7.0,.733,6.6,7.0,13.6,0.9,1.4,2.8,3.3,5.2,16.4,113,106,woodch01,2017
Metta World Peace 2017,SF,37,LAL,25,2,160,5.8,20.7,.279,2.7,11.6,.237,3.0,9.1,.333,3.0,4.9,.625,1.5,4.6,6.1,3.3,3.0,0.6,2.1,5.5,17.4,84,111,artesro01,2017
Brandan Wright 2017,PF,29,MEM,28,5,447,9.7,15.7,.615,0.0,0.1,.000,9.7,15.6,.619,2.7,4.1,.657,3.6,5.5,9.1,1.7,1.3,2.3,1.2,4.9,22.0,127,107,wrighbr03,2017
Delon Wright 2017,PG,24,TOR,27,0,446,5.6,13.2,.422,1.1,3.4,.333,4.4,9.8,.453,4.8,6.3,.764,1.8,3.6,5.5,6.5,3.1,1.3,2.8,3.5,17.0,111,107,wrighde01,2017
James Young 2017,SG,21,BOS,29,0,220,5.6,13.1,.431,2.7,7.9,.343,2.9,5.2,.565,1.4,2.0,.667,1.4,4.5,5.9,0.9,2.3,0.5,0.9,3.4,15.3,108,109,youngja01,2017
Joe Young 2017,PG,24,IND,33,0,135,9.6,26.7,.361,1.9,8.5,.217,7.8,18.2,.429,4.1,5.6,.733,0.4,5.9,6.3,5.6,1.5,0.0,1.9,1.9,25.2,93,111,youngjo01,2017
Nick Young 2017,SG,31,LAL,60,60,1556,8.5,19.8,.430,5.3,13.2,.404,3.2,6.6,.481,2.4,2.8,.856,0.8,3.5,4.3,1.8,1.2,0.4,1.1,4.3,24.8,118,116,youngni01,2017
Thaddeus Young 2017,PF,28,IND,74,74,2237,8.1,15.4,.527,1.0,2.6,.381,7.1,12.7,.557,1.0,1.9,.523,2.9,7.1,10.0,2.7,2.5,0.6,2.1,3.0,18.2,109,107,youngth01,2017
Cody Zeller 2017,C,24,CHO,62,58,1725,7.4,12.9,.571,0.0,0.0,.000,7.4,12.9,.572,3.9,5.7,.679,3.9,7.9,11.8,2.9,1.8,1.7,1.9,5.5,18.6,121,107,zelleco01,2017
Tyler Zeller 2017,C,27,BOS,51,5,525,7.4,14.9,.494,0.0,0.1,.000,7.4,14.8,.497,2.1,3.7,.564,4.1,7.7,11.7,4.0,0.7,2.0,1.9,5.8,16.8,109,109,zellety01,2017
Stephen Zimmerman 2017,C,20,ORL,19,0,108,4.6,14.2,.323,0.0,0.0,,4.6,14.2,.323,1.4,2.3,.600,5.0,11.0,16.1,1.8,0.9,2.3,1.4,7.8,10.6,86,108,zimmest01,2017
Paul Zipser 2017,SF,22,CHI,44,18,843,5.3,13.2,.398,2.0,5.9,.333,3.3,7.3,.451,1.9,2.4,.775,0.9,6.6,7.5,2.2,0.9,1.0,2.4,4.7,14.3,96,109,zipsepa01,2017
Ivica Zubac 2017,C,19,LAL,38,11,609,10.1,19.0,.529,0.0,0.2,.000,10.1,18.8,.536,2.6,3.9,.653,3.3,9.4,12.7,2.4,1.1,2.6,2.4,5.3,22.7,108,110,zubaciv01,2017
