player,pos,age,team_id,g,mp,fg_pct,avg_dist,pct_fga_fg2a,pct_fga_00_03,pct_fga_03_10,pct_fga_10_16,pct_fga_16_xx,pct_fga_fg3a,fg_pct_fg2a,fg_pct_00_03,fg_pct_03_10,fg_pct_10_16,fg_pct_16_xx,fg_pct_fg3a,pct_ast_fg2,pct_ast_fg3,pct_fga_dunk,fg_dunk,pct_fg3a_corner3,fg_pct_corner3,fg3a_heave,fg3_heave,player_id,year
Shareef Abdur-Rahim 2004,PF,27,TOT,85,2684,.475,7.8,.968,.357,.319,.116,.176,.032,.482,.585,.426,.426,.414,.265,.539,.889,.069,71,.206,.429,0,0,abdursh01,2004
Malik Allen 2004,PF,25,MIA,45,616,.419,13.1,1.000,.111,.177,.232,.480,.000,.419,.500,.429,.370,.421,,.675,,.010,2,,,0,0,allenma01,2004
Ray Allen* 2004,SG,28,SEA,56,2152,.440,15.3,.628,.181,.138,.146,.164,.372,.468,.701,.329,.378,.407,.392,.371,.797,.021,20,.225,.447,3,0,allenra02,2004
Rafer Alston 2004,PG,27,MIA,82,2581,.376,17.9,.432,.174,.086,.047,.124,.568,.382,.504,.318,.167,.337,.371,.214,.851,.001,1,.134,.362,3,0,alstora01,2004
Chris Andersen 2004,PF,25,DEN,71,1029,.443,6.4,.995,.606,.054,.108,.227,.005,.446,.537,.182,.273,.348,.000,.678,,.212,38,.000,,0,0,anderch01,2004
Derek Anderson 2004,SG,29,POR,51,1810,.376,18.1,.577,.145,.025,.093,.314,.423,.428,.539,.400,.298,.417,.305,.550,.835,.020,12,.232,.350,1,0,anderde01,2004
Kenny Anderson 2004,PG,33,IND,44,905,.441,10.5,.984,.313,.141,.156,.375,.016,.444,.588,.444,.300,.385,.250,.580,1.000,.000,0,1.000,.250,0,0,anderke01,2004
Shandon Anderson 2004,SG,30,NYK,80,1974,.422,11.2,.773,.346,.140,.129,.158,.227,.463,.595,.367,.342,.360,.281,.624,.972,.025,14,.586,.267,0,0,andersh01,2004
Carmelo Anthony 2004,SF,19,DEN,82,2995,.426,10.3,.854,.452,.065,.060,.277,.146,.444,.541,.232,.341,.357,.322,.528,.768,.087,121,.079,.353,0,0,anthoca01,2004
Robert Archibald 2004,C-PF,23,TOT,32,256,.273,4.2,1.000,.636,.152,.091,.121,.000,.273,.286,.400,.000,.250,,.444,,.030,1,,,0,0,archiro01,2004
Gilbert Arenas 2004,PG,22,WAS,55,2066,.392,15.5,.636,.220,.111,.084,.221,.364,.401,.572,.168,.377,.356,.375,.262,.760,.020,18,.147,.327,0,0,arenagi01,2004
Brandon Armstrong 2004,SG,23,NJN,56,434,.371,17.4,.703,.126,.023,.103,.451,.297,.374,.545,.000,.389,.342,.365,.761,.684,.000,0,.404,.333,0,0,armstbr01,2004
Darrell Armstrong 2004,PG,35,NOH,79,2247,.395,18.6,.417,.174,.027,.056,.160,.583,.508,.625,.250,.488,.432,.315,.506,.756,.005,4,.203,.310,4,1,armstda01,2004
Carlos Arroyo 2004,PG,24,UTA,71,2008,.441,14.5,.848,.220,.052,.145,.431,.152,.462,.515,.275,.486,.450,.325,.352,.737,.000,0,.179,.429,2,0,arroyca01,2004
Chucky Atkins 2004,PG,29,TOT,64,1544,.397,18.3,.502,.186,.043,.054,.219,.498,.457,.489,.286,.385,.481,.336,.315,.753,.000,0,.212,.333,4,0,atkinch01,2004
Stacey Augmon 2004,SF,35,NOH,69,1416,.412,8.7,.980,.375,.161,.236,.207,.020,.418,.569,.321,.354,.292,.143,.739,1.000,.032,10,.286,.000,1,0,augmost01,2004
Vin Baker 2004,PF,32,TOT,54,1313,.481,7.2,.993,.405,.273,.144,.171,.007,.483,.571,.407,.419,.446,.333,.628,1.000,.044,18,.000,,0,0,bakervi01,2004
Marcus Banks 2004,PG,22,BOS,81,1385,.400,12.2,.805,.330,.129,.090,.256,.195,.421,.527,.298,.400,.354,.314,.240,.815,.014,6,.105,.333,0,0,banksma01,2004
Leandro Barbosa 2004,PG,21,PHO,70,1500,.447,13.4,.553,.381,.055,.040,.077,.447,.488,.626,.115,.158,.250,.395,.394,.855,.004,2,.248,.365,0,0,barbole01,2004
Matt Barnes 2004,SF,23,LAC,38,724,.457,6.4,.906,.514,.246,.043,.101,.094,.488,.507,.441,.167,.643,.154,.557,1.000,.029,4,.615,.250,0,0,barnema02,2004
Dana Barros 2004,SG,36,BOS,1,11,.667,20.3,1.000,.000,.000,.000,1.000,.000,.667,,,,.667,,.500,,.000,0,,,0,0,barroda01,2004
Brent Barry 2004,SG,32,SEA,59,1803,.504,17.8,.410,.220,.068,.028,.094,.590,.577,.681,.483,.417,.450,.452,.446,.868,.028,12,.127,.281,1,0,barrybr01,2004
Jon Barry 2004,SG,34,DEN,57,1101,.404,18.0,.535,.152,.057,.067,.259,.465,.434,.667,.353,.600,.273,.370,.609,.745,.000,0,.203,.286,0,0,barryjo01,2004
Mengke Bateer 2004,C,28,TOR,7,40,.571,9.1,1.000,.286,.286,.286,.143,.000,.571,.500,.500,.500,1.000,,.750,,.000,0,,,0,0,bateeme01,2004
Tony Battie 2004,C,27,TOT,73,1478,.443,10.3,.977,.266,.206,.284,.221,.023,.448,.627,.354,.459,.306,.222,.661,1.000,.076,26,.111,1.000,1,0,battito01,2004
Shane Battier 2004,SF,25,MEM,79,1947,.446,14.4,.657,.219,.110,.138,.190,.343,.496,.647,.267,.427,.505,.349,.627,.985,.022,12,.651,.364,2,0,battish01,2004
Lonny Baxter 2004,C-PF,25,TOT,62,766,.493,5.0,.986,.584,.201,.086,.115,.014,.495,.582,.381,.222,.458,.333,.667,1.000,.091,17,.667,.500,0,0,baxtelo01,2004
Jerome Beasley 2004,PF,23,MIA,2,5,.333,7.3,1.000,.333,.333,.000,.333,.000,.333,.000,.000,,1.000,,1.000,,.000,0,,,0,0,beaslje01,2004
Raja Bell 2004,SG,27,UTA,82,2020,.409,15.7,.794,.180,.056,.112,.446,.206,.418,.517,.311,.389,.398,.373,.697,.919,.017,13,.428,.394,0,0,bellra01,2004
Troy Bell 2004,PG,23,MEM,6,34,.222,13.1,.778,.333,.111,.000,.333,.222,.286,.167,.500,,.333,.000,.500,,.000,0,.000,,0,0,belltr01,2004
Jonathan Bender 2004,SF,23,IND,21,271,.472,11.2,.792,.349,.151,.151,.142,.208,.488,.703,.375,.250,.333,.409,.537,1.000,.132,13,.136,.000,0,0,bendejo01,2004
Travis Best 2004,PG,31,DAL,61,762,.372,13.8,.884,.291,.093,.081,.419,.116,.401,.600,.250,.143,.347,.150,.311,.333,.000,0,.050,1.000,4,0,besttr01,2004
Mike Bibby 2004,PG,25,SAC,82,2980,.450,15.1,.677,.232,.077,.067,.301,.323,.479,.581,.378,.423,.438,.392,.591,.872,.001,1,.323,.393,0,0,bibbymi01,2004
Chauncey Billups 2004,PG,27,DET,78,2758,.394,15.2,.664,.245,.050,.130,.239,.336,.396,.475,.280,.349,.366,.388,.344,.685,.003,2,.164,.473,0,0,billuch01,2004
Steve Blake 2004,PG,23,WAS,75,1392,.386,19.5,.504,.096,.071,.061,.275,.496,.400,.590,.241,.520,.348,.371,.512,.827,.000,0,.178,.472,1,0,blakest01,2004
Corie Blount 2004,PF-C,35,TOT,62,1050,.455,12.5,.988,.229,.055,.296,.407,.012,.460,.517,.429,.413,.466,.000,.783,,.036,7,.000,,0,0,blounco01,2004
Mark Blount 2004,C,28,BOS,82,2402,.566,6.1,1.000,.505,.205,.154,.136,.000,.566,.675,.419,.495,.463,,.737,,.114,67,,,0,0,blounma01,2004
Keith Bogans 2004,SF,23,ORL,73,1787,.403,15.5,.588,.251,.057,.075,.205,.412,.434,.553,.346,.324,.355,.358,.578,.985,.007,3,.465,.425,0,0,boganke01,2004
Calvin Booth 2004,C,27,SEA,71,1206,.466,8.5,.993,.383,.159,.190,.262,.007,.469,.712,.283,.327,.329,.000,.748,,.159,42,.500,.000,0,0,boothca01,2004
Carlos Boozer 2004,PF,22,CLE,75,2592,.523,7.4,.993,.451,.159,.229,.154,.007,.526,.702,.294,.437,.381,.167,.696,1.000,.091,74,.000,,0,0,boozeca01,2004
Curtis Borchardt 2004,C,23,UTA,16,258,.393,9.1,.982,.321,.161,.286,.214,.018,.400,.611,.222,.438,.167,.000,.682,,.054,3,.000,,0,0,borchcu01,2004
Chris Bosh 2004,C,19,TOR,75,2510,.459,9.0,.980,.350,.149,.261,.221,.020,.461,.614,.387,.382,.363,.357,.609,1.000,.118,74,.214,.667,0,0,boshch01,2004
Ruben Boumtje-Boumtje 2004,C,25,POR,9,26,.200,5.2,1.000,.200,.600,.200,.000,.000,.200,.000,.333,.000,,,1.000,,.000,0,,,0,0,boumtru01,2004
Bruce Bowen 2004,SF,32,SAS,82,2624,.420,15.0,.578,.175,.157,.116,.129,.422,.462,.591,.380,.414,.431,.363,.619,1.000,.012,6,.835,.373,0,0,bowenbr01,2004
Ryan Bowen 2004,PF,28,DEN,52,392,.340,7.1,1.000,.566,.075,.038,.321,.000,.340,.533,.000,.000,.118,,.833,,.019,1,,,0,0,bowenry01,2004
Earl Boykins 2004,SG,27,DEN,82,1849,.419,15.4,.777,.138,.107,.191,.341,.223,.447,.557,.451,.390,.433,.322,.383,.673,.000,0,.088,.400,0,0,boykiea01,2004
Michael Bradley 2004,C-PF,24,TOT,16,98,.467,7.2,1.000,.467,.133,.133,.267,.000,.467,.857,.500,.000,.000,,.571,,.133,2,,,0,0,bradlmi01,2004
Shawn Bradley 2004,C,31,DAL,66,773,.473,9.2,.995,.383,.165,.096,.351,.005,.476,.625,.387,.444,.364,.000,.652,,.059,11,.000,,1,0,bradlsh01,2004
Torraye Braggs 2004,PF,27,TOT,15,154,.485,6.1,1.000,.485,.212,.152,.152,.000,.485,.500,.429,.400,.600,,.688,,.000,0,,,0,0,braggto01,2004
Elton Brand 2004,PF,24,LAC,69,2670,.493,7.0,.999,.393,.256,.244,.106,.001,.493,.630,.454,.383,.337,.000,.576,,.037,35,.000,,0,0,brandel01,2004
J.R. Bremer 2004,PG,23,TOT,36,443,.272,17.0,.532,.196,.076,.032,.228,.468,.286,.323,.250,.000,.306,.257,.500,.895,.000,0,.351,.423,0,0,bremejr01,2004
Jamison Brewer 2004,PG,23,IND,13,160,.371,16.2,.600,.257,.114,.000,.229,.400,.381,.667,.000,,.250,.357,.375,.600,.029,1,.286,.000,1,0,breweja01,2004
Primož Brezec 2004,C,24,IND,18,72,.462,4.0,1.000,.692,.154,.077,.077,.000,.462,.500,.500,.000,.500,,.750,,.038,1,,,0,0,brezepr01,2004
Damone Brown 2004,PF,24,NJN,3,17,.100,5.5,1.000,.600,.200,.000,.200,.000,.100,.167,.000,,.000,,1.000,,.100,1,,,0,0,brownda02,2004
Devin Brown 2004,SG,25,SAS,58,627,.434,12.2,.929,.224,.173,.163,.367,.071,.445,.568,.412,.500,.361,.286,.593,1.000,.026,3,.786,.364,1,0,brownde02,2004
Kedrick Brown 2004,SF,22,TOT,55,969,.461,13.8,.610,.311,.094,.059,.146,.390,.510,.620,.500,.400,.324,.384,.709,1.000,.067,16,.606,.417,0,0,brownke01,2004
Kwame Brown 2004,PF,21,WAS,74,2239,.489,4.8,.997,.475,.355,.134,.032,.003,.489,.657,.383,.215,.316,.500,.568,1.000,.129,67,.500,.000,0,0,brownkw01,2004
P.J. Brown 2004,PF,34,NOH,80,2753,.476,9.8,.999,.320,.111,.271,.296,.001,.477,.575,.342,.446,.450,.000,.767,,.067,46,.000,,0,0,brownpj01,2004
Tierre Brown 2004,PG,24,NOH,3,17,.500,9.0,1.000,.500,.000,.250,.250,.000,.500,1.000,,.000,.000,,.000,,.000,0,,,0,0,brownti01,2004
Rick Brunson 2004,PG,31,TOT,40,412,.381,15.6,.781,.200,.019,.133,.429,.219,.354,.333,1.000,.429,.311,.478,.448,.818,.000,0,.565,.462,0,0,brunsri01,2004
Kobe Bryant* 2004,SG,25,LAL,65,2447,.438,11.9,.816,.319,.147,.131,.219,.184,.463,.609,.341,.390,.376,.327,.420,.775,.049,51,.152,.273,6,0,bryanko01,2004
Greg Buckner 2004,SG,27,PHI,53,703,.377,12.6,.749,.257,.160,.171,.160,.251,.412,.489,.214,.433,.464,.273,.667,1.000,.006,1,.523,.261,0,0,buckngr01,2004
Rodney Buford 2004,SF,26,SAC,22,141,.339,12.6,.964,.250,.107,.125,.482,.036,.352,.357,.167,.143,.444,.000,.842,,.018,1,.000,,0,0,buforro01,2004
Caron Butler 2004,SF,23,MIA,68,2030,.380,12.2,.933,.326,.103,.103,.401,.067,.390,.510,.292,.308,.340,.238,.674,.700,.035,21,.095,.250,9,0,butleca01,2004
Mitchell Butler 2004,SG,33,WAS,41,552,.435,12.3,.758,.323,.129,.113,.194,.242,.457,.625,.250,.286,.417,.367,.442,1.000,.008,1,.300,.222,0,0,butlemi02,2004
Rasual Butler 2004,SF,24,MIA,45,675,.476,18.3,.568,.104,.036,.124,.304,.432,.486,.731,.444,.258,.500,.463,.580,.960,.024,5,.324,.629,0,0,butlera01,2004
Žarko Čabarkapa 2004,PF,22,PHO,49,570,.411,10.6,.838,.350,.173,.142,.173,.162,.455,.623,.382,.250,.353,.188,.693,.833,.091,16,.281,.111,1,0,cabarza01,2004
Marcus Camby 2004,C,29,DEN,72,2162,.477,8.0,.996,.446,.122,.151,.277,.004,.479,.624,.328,.386,.362,.000,.702,,.169,83,.000,,0,0,cambyma01,2004
Elden Campbell 2004,C,35,DET,65,892,.439,8.4,1.000,.309,.210,.331,.150,.000,.439,.485,.409,.452,.362,,.790,,.083,24,,,0,0,campbel01,2004
Brian Cardinal 2004,PF,26,GSW,76,1634,.472,13.7,.734,.223,.165,.105,.240,.266,.482,.663,.273,.449,.473,.444,.727,.964,.013,5,.500,.468,4,1,cardibr01,2004
Matt Carroll 2004,SG,23,TOT,16,70,.438,14.3,.813,.188,.125,.125,.375,.188,.462,.667,.500,.000,.500,.333,.833,1.000,.000,0,1.000,.333,0,0,carroma01,2004
Anthony Carter 2004,PG,28,SAS,5,87,.297,13.9,.919,.216,.108,.162,.432,.081,.324,.500,.000,.167,.375,.000,.545,,.000,0,.333,.000,1,0,cartean01,2004
Maurice Carter 2004,SG,27,TOT,10,110,.314,17.2,.686,.114,.086,.086,.400,.314,.292,.750,.000,.000,.286,.364,.714,1.000,.029,1,.364,.250,0,0,cartema01,2004
Vince Carter 2004,SG,27,TOR,73,2785,.417,13.7,.833,.199,.141,.168,.325,.167,.424,.583,.400,.343,.380,.383,.384,.860,.039,52,.243,.458,3,0,cartevi01,2004
Sam Cassell 2004,PG,34,MIN,81,2838,.488,15.2,.854,.103,.089,.284,.377,.146,.504,.618,.575,.501,.457,.398,.251,.838,.000,0,.183,.412,2,0,cassesa01,2004
Kelvin Cato 2004,PF,29,HOU,69,1743,.447,5.4,1.000,.539,.183,.161,.117,.000,.447,.624,.242,.259,.214,,.839,,.283,87,,,0,0,catoke01,2004
Tyson Chandler 2004,PF,21,CHI,35,782,.424,5.9,.994,.500,.253,.101,.139,.006,.427,.519,.300,.250,.455,.000,.567,,.120,16,.000,,1,0,chandty01,2004
Calbert Cheaney 2004,SF,32,GSW,79,2067,.481,11.8,.983,.197,.171,.227,.388,.017,.489,.737,.515,.374,.420,.000,.716,,.026,15,.500,.000,2,0,cheanca01,2004
Doug Christie 2004,SG,33,SAC,82,2780,.461,14.0,.794,.289,.071,.051,.382,.206,.491,.698,.245,.457,.384,.345,.660,.898,.084,55,.387,.400,2,0,chrisdo01,2004
Keon Clark 2004,PF,28,UTA,2,27,.333,9.7,1.000,.333,.167,.167,.333,.000,.333,.500,1.000,.000,.000,,.500,,.000,0,,,0,0,clarkke01,2004
Speedy Claxton 2004,PG,25,GSW,60,1595,.427,10.4,.958,.303,.198,.115,.342,.042,.438,.629,.288,.333,.391,.182,.241,.500,.000,0,.045,.000,1,0,claxtsp01,2004
Mateen Cleaves 2004,PG,26,CLE,4,92,.304,14.9,.957,.217,.087,.261,.391,.043,.318,.400,.500,.167,.333,.000,.571,,.000,0,.000,,1,0,cleavma01,2004
Derrick Coleman 2004,C,36,PHI,34,843,.413,11.0,.861,.305,.162,.193,.201,.139,.444,.608,.381,.320,.365,.222,.636,1.000,.062,15,.167,.333,0,0,colemde01,2004
Bimbo Coles 2004,PG,35,MIA,22,170,.353,13.4,1.000,.235,.029,.118,.618,.000,.353,.750,1.000,.000,.238,,.750,,.000,0,,,0,0,colesbi01,2004
Jason Collier 2004,C,26,ATL,20,545,.479,8.9,.976,.358,.230,.109,.279,.024,.484,.644,.263,.500,.457,.250,.744,1.000,.042,7,.250,.000,0,0,collija02,2004
Jarron Collins 2004,C,25,UTA,81,1732,.498,6.5,.997,.532,.112,.146,.207,.003,.500,.605,.515,.233,.410,.000,.741,,.003,0,.000,,1,0,collija03,2004
Jason Collins 2004,C,25,NJN,78,2220,.424,7.5,.995,.458,.125,.208,.203,.005,.427,.517,.313,.425,.295,.000,.675,,.063,22,.000,,0,0,collija04,2004
Brian Cook 2004,C,23,LAL,35,442,.475,12.8,.965,.220,.078,.213,.454,.035,.493,.677,.273,.433,.469,.000,.821,,.064,8,.200,.000,0,0,cookbr01,2004
Omar Cook 2004,PG,22,POR,17,139,.259,15.2,.963,.185,.037,.111,.630,.037,.269,.200,.000,.000,.353,.000,.714,,.000,0,.000,,0,0,cookom01,2004
Chris Crawford 2004,PF,28,ATL,56,1207,.448,13.2,.760,.274,.108,.119,.259,.240,.466,.628,.373,.286,.418,.389,.683,.977,.074,34,.212,.458,0,0,crawfch01,2004
Jamal Crawford 2004,SG,23,CHI,80,2811,.386,17.4,.605,.140,.088,.107,.270,.395,.432,.500,.422,.362,.427,.317,.422,.642,.015,20,.192,.220,5,1,crawfja01,2004
Austin Croshere 2004,PF,28,IND,77,1051,.388,15.6,.531,.280,.049,.059,.143,.469,.387,.477,.267,.111,.364,.389,.619,.929,.052,13,.403,.431,0,0,croshau01,2004
Eddy Curry 2004,PF,21,CHI,73,2154,.496,4.3,.999,.514,.338,.120,.026,.001,.496,.604,.423,.317,.136,1.000,.726,1.000,.127,99,.000,,0,0,curryed01,2004
Michael Curry 2004,SF,35,TOR,70,1229,.388,14.1,.923,.199,.077,.133,.515,.077,.403,.590,.467,.154,.386,.200,.808,1.000,.046,9,.667,.300,0,0,currymi01,2004
Samuel Dalembert 2004,C,22,PHI,82,2197,.541,4.1,.998,.591,.208,.188,.010,.002,.542,.634,.404,.394,.800,.000,.741,,.287,123,.000,,0,0,dalemsa01,2004
Erick Dampier 2004,C,28,GSW,74,2403,.535,3.1,.997,.617,.295,.069,.015,.003,.537,.666,.323,.289,.600,.000,.534,,.185,113,.000,,2,0,dampier01,2004
Antonio Daniels 2004,PG,28,SEA,71,1512,.470,13.4,.709,.241,.188,.095,.183,.291,.514,.729,.427,.342,.411,.362,.359,.762,.043,15,.172,.400,0,0,daniean01,2004
Marquis Daniels 2004,SG,23,DAL,56,1039,.494,7.9,.912,.436,.207,.146,.124,.088,.512,.654,.400,.383,.353,.306,.417,1.000,.058,23,.222,.250,1,0,daniema01,2004
Antonio Davis 2004,C,35,TOT,80,2570,.403,8.8,1.000,.341,.168,.277,.214,.000,.403,.467,.396,.377,.340,,.669,,.074,45,,,0,0,davisan01,2004
Baron Davis 2004,PG,24,NOH,67,2686,.395,15.0,.585,.289,.052,.091,.153,.415,.448,.546,.315,.336,.374,.321,.286,.529,.024,31,.129,.320,3,0,davisba01,2004
Dale Davis 2004,C,34,POR,76,1682,.473,6.5,1.000,.505,.117,.260,.117,.000,.473,.585,.212,.479,.242,,.602,,.167,45,,,0,0,davisda01,2004
Hubert Davis 2004,SG,33,TOT,17,78,.091,12.0,.909,.364,.000,.182,.364,.091,.100,.250,,.000,.000,.000,1.000,,.000,0,.000,,0,0,davishu01,2004
Josh Davis 2004,PF,23,ATL,4,23,.400,12.8,.600,.400,.000,.200,.000,.400,.667,1.000,,.000,,.000,1.000,,.200,1,.000,,0,0,davisjo02,2004
Ricky Davis 2004,SF-SG,24,TOT,79,2474,.469,13.0,.853,.252,.089,.205,.306,.147,.486,.690,.353,.395,.419,.371,.523,.923,.074,67,.429,.450,4,0,davisri01,2004
Andrew DeClercq 2004,C,30,ORL,71,1211,.477,3.0,1.000,.667,.226,.082,.026,.000,.477,.538,.341,.375,.400,,.548,,.056,11,,,0,0,declean01,2004
Tony Delk 2004,SG,30,DAL,33,509,.380,15.1,.641,.239,.092,.076,.234,.359,.424,.568,.412,.286,.326,.303,.500,.750,.000,0,.288,.316,1,0,delkto01,2004
Derrick Dial 2004,SG,28,ORL,9,86,.321,16.5,.679,.179,.071,.143,.286,.321,.368,.400,.500,1.000,.000,.222,.143,.500,.000,0,.222,.000,0,0,dialde01,2004
Boris Diaw 2004,SG,21,ATL,76,1919,.447,8.5,.917,.457,.125,.147,.188,.083,.467,.545,.308,.370,.458,.231,.552,1.000,.070,21,.385,.300,1,0,diawbo01,2004
Dan Dickau 2004,PG,25,TOT,43,294,.378,14.0,.694,.235,.163,.071,.224,.306,.397,.652,.188,.143,.364,.333,.296,.800,.000,0,.167,.400,0,0,dickada01,2004
Kaniel Dickens 2004,PF,25,POR,3,12,1.000,7.3,1.000,.667,.000,.000,.333,.000,1.000,1.000,,,1.000,,1.000,,.333,1,,,0,0,dickeka01,2004
DeSagana Diop 2004,C,22,CLE,56,730,.388,10.5,1.000,.238,.170,.313,.279,.000,.388,.514,.240,.435,.317,,.684,,.054,6,,,0,0,diopde01,2004
Vlade Divac* 2004,C,35,SAC,81,2317,.470,7.6,.981,.401,.254,.094,.231,.019,.476,.631,.329,.302,.442,.154,.644,1.000,.055,36,.077,.000,0,0,divacvl01,2004
Juan Dixon 2004,SG,25,WAS,71,1478,.388,15.7,.689,.168,.116,.146,.259,.311,.428,.607,.405,.387,.345,.298,.436,.627,.003,2,.293,.414,2,0,dixonju01,2004
Michael Doleac 2004,C,26,TOT,72,1029,.435,12.2,1.000,.208,.124,.193,.475,.000,.435,.478,.400,.452,.418,,.871,,.019,5,,,0,0,doleami01,2004
Keyon Dooling 2004,PG,23,LAC,58,1137,.389,13.7,.869,.233,.097,.142,.398,.131,.422,.585,.412,.360,.350,.174,.380,.875,.043,14,.174,.125,1,0,doolike01,2004
Bryce Drew 2004,PG,29,NOH,15,78,.222,18.4,.611,.111,.000,.111,.389,.389,.273,1.000,,.000,.143,.143,1.000,1.000,.000,0,.429,.000,0,0,drewbr01,2004
Predrag Drobnjak 2004,C,28,LAC,61,949,.393,12.4,.905,.193,.190,.190,.332,.095,.402,.507,.444,.347,.349,.306,.667,1.000,.011,4,.083,.000,0,0,drobnpr01,2004
Tim Duncan* 2004,PF,27,SAS,69,2527,.501,7.7,.990,.333,.317,.215,.125,.010,.505,.712,.420,.386,.372,.167,.532,.500,.073,80,.000,,0,0,duncati01,2004
Mike Dunleavy 2004,SF,23,GSW,75,2336,.449,14.9,.647,.219,.117,.101,.210,.353,.491,.690,.310,.438,.411,.370,.624,.926,.021,15,.276,.414,0,0,dunlemi02,2004
Ronald Dupree 2004,SF,23,CHI,47,893,.394,10.0,.968,.365,.110,.163,.330,.032,.392,.534,.387,.370,.247,.444,.579,1.000,.078,22,.778,.429,0,0,duprero01,2004
Ndudi Ebi 2004,SF,19,MIN,17,32,.429,8.7,1.000,.500,.000,.214,.286,.000,.429,.571,,.333,.250,,.333,,.000,0,,,0,0,ebind01,2004
Howard Eisley 2004,PG,31,TOT,67,1457,.368,16.0,.639,.215,.084,.104,.235,.361,.396,.443,.447,.255,.396,.319,.219,.731,.000,0,.172,.393,4,0,eisleho01,2004
Francisco Elson 2004,C,27,DEN,62,875,.472,9.0,.995,.382,.151,.191,.271,.005,.475,.632,.400,.316,.407,.000,.777,,.131,22,.000,,1,0,elsonfr01,2004
Melvin Ely 2004,PF,25,LAC,42,510,.431,6.2,.993,.327,.431,.170,.065,.007,.434,.580,.394,.346,.200,.000,.394,,.092,13,.000,,0,0,elyme01,2004
Reggie Evans 2004,PF,23,SEA,75,1280,.406,3.7,.982,.691,.170,.055,.067,.018,.414,.518,.179,.111,.182,.000,.567,,.073,11,.000,,1,0,evansre01,2004
Desmond Ferguson 2004,SF,26,POR,7,32,.417,19.3,.333,.167,.000,.000,.167,.667,.500,1.000,,,.000,.375,1.000,.667,.083,1,.250,.000,0,0,fergude01,2004
Michael Finley 2004,SG,30,DAL,72,2778,.443,17.1,.681,.109,.084,.148,.341,.319,.461,.643,.433,.462,.410,.405,.591,.867,.031,33,.259,.438,3,0,finlemi01,2004
Derek Fisher 2004,SG,29,LAL,82,1769,.352,17.3,.689,.142,.050,.089,.408,.311,.380,.524,.241,.216,.383,.291,.523,.865,.002,1,.408,.274,1,0,fishede01,2004
Marcus Fizer 2004,SF,25,CHI,46,738,.383,9.0,.951,.363,.197,.194,.197,.049,.396,.528,.406,.265,.275,.118,.606,1.000,.060,20,.118,.000,1,0,fizerma01,2004
Alton Ford 2004,PF,22,HOU,9,41,.545,8.8,1.000,.182,.364,.273,.182,.000,.545,1.000,.250,.667,.500,,.833,,.000,0,,,0,0,fordal02,2004
T.J. Ford 2004,PG,20,MIL,55,1472,.384,9.5,.947,.392,.138,.156,.261,.053,.393,.474,.291,.403,.317,.238,.277,.800,.013,2,.190,.500,1,0,fordtj01,2004
Danny Fortson 2004,C,27,DAL,56,625,.511,2.3,1.000,.791,.122,.036,.050,.000,.511,.582,.235,.200,.286,,.451,,.014,0,,,0,0,fortsda01,2004
Jeff Foster 2004,C,27,IND,82,1961,.544,4.5,.989,.702,.105,.064,.119,.011,.550,.650,.421,.087,.326,.000,.711,,.182,62,.000,,0,0,fosteje01,2004
Tremaine Fowlkes 2004,SF,27,DET,36,261,.313,11.9,.833,.375,.063,.083,.313,.167,.350,.444,.000,.500,.267,.125,.571,1.000,.083,3,.250,.500,0,0,fowlktr01,2004
Rick Fox 2004,SF,34,LAL,38,846,.392,13.2,.672,.333,.102,.086,.151,.328,.464,.532,.526,.500,.250,.246,.724,.800,.005,1,.230,.071,0,0,foxri01,2004
Adonal Foyle 2004,C,28,GSW,44,572,.454,5.2,1.000,.408,.408,.100,.085,.000,.454,.623,.415,.154,.182,,.644,,.062,8,,,0,0,foylead01,2004
Richie Frahm 2004,SF,26,SEA,54,469,.453,19.5,.338,.151,.036,.022,.129,.662,.617,.762,.200,.667,.556,.370,.862,.971,.036,4,.370,.500,0,0,frahmri01,2004
Steve Francis 2004,PG,26,HOU,79,3194,.403,13.9,.776,.281,.083,.109,.303,.224,.435,.567,.269,.336,.393,.292,.281,.534,.038,37,.144,.333,9,0,francst01,2004
Hiram Fuller 2004,PF,22,ATL,4,43,.375,5.1,1.000,.500,.125,.375,.000,.000,.375,.500,.000,.333,,,.333,,.125,1,,,0,0,fullehi01,2004
Dan Gadzuric 2004,C,25,MIL,75,1260,.524,3.9,.997,.605,.244,.132,.017,.003,.526,.611,.447,.304,.333,.000,.716,,.229,72,.000,,1,0,gadzuda01,2004
Reece Gaines 2004,PG,23,ORL,38,364,.291,15.6,.884,.198,.012,.093,.581,.116,.289,.294,.000,.250,.300,.300,.364,1.000,.000,0,.300,.333,0,0,gainere01,2004
Alex Garcia 2004,SG,23,SAS,2,13,.143,6.6,1.000,.571,.143,.143,.143,.000,.143,.000,.000,1.000,.000,,1.000,,.143,0,,,0,0,garcial01,2004
Kevin Garnett* 2004,PF,27,MIN,82,3231,.499,11.2,.973,.228,.184,.240,.320,.027,.506,.677,.455,.460,.448,.256,.663,.818,.070,111,.000,,1,0,garneke01,2004
Pat Garrity 2004,PF,27,ORL,2,22,.333,19.3,1.000,.000,.000,.000,1.000,.000,.333,,,,.333,,1.000,,.000,0,,,0,0,garripa01,2004
Pau Gasol 2004,PF,23,MEM,78,2458,.482,6.3,.986,.394,.376,.108,.109,.014,.485,.603,.421,.345,.421,.267,.570,1.000,.118,114,.333,.400,0,0,gasolpa01,2004
Devean George 2004,SF,26,LAL,82,1951,.408,15.7,.674,.207,.077,.109,.282,.326,.436,.636,.273,.387,.354,.349,.655,.938,.063,32,.247,.348,1,1,georgde01,2004
Eddie Gill 2004,PG,25,POR,22,157,.417,15.1,.778,.111,.194,.139,.333,.222,.429,.750,.286,.800,.250,.375,.417,1.000,.000,0,.250,1.000,0,0,gilled01,2004
Kendall Gill 2004,SG,35,CHI,56,1411,.392,13.3,.931,.234,.075,.157,.465,.069,.404,.508,.244,.314,.408,.237,.699,1.000,.004,2,.447,.412,0,0,gillke01,2004
Manu Ginóbili 2004,SG,26,SAS,77,2260,.418,12.3,.689,.332,.170,.085,.103,.311,.445,.573,.328,.299,.346,.359,.401,.852,.030,20,.273,.373,6,0,ginobma01,2004
Gordan Giriček 2004,SF-SG,26,TOT,73,2041,.436,14.7,.790,.198,.091,.134,.367,.210,.448,.573,.485,.371,.398,.395,.613,.983,.015,9,.401,.410,1,0,giricgo01,2004
Dion Glover 2004,SG,25,TOT,69,1643,.390,11.4,.798,.363,.081,.149,.204,.202,.404,.547,.208,.273,.325,.336,.526,.925,.036,20,.311,.541,0,0,glovedi01,2004
Anthony Goldwire 2004,PG,32,TOT,11,85,.318,18.7,.636,.045,.136,.045,.409,.364,.357,.000,.333,.000,.444,.250,.400,.500,.000,0,.125,.000,0,0,goldwan01,2004
Drew Gooden 2004,PF,22,ORL,79,2134,.445,9.7,.949,.300,.226,.198,.226,.051,.457,.530,.487,.360,.417,.214,.561,.889,.057,42,.262,.273,2,0,goodedr01,2004
Brian Grant 2004,C,31,MIA,76,2303,.471,11.3,.998,.292,.106,.140,.460,.002,.472,.592,.292,.453,.443,.000,.775,,.055,28,.000,,1,0,grantbr01,2004
Horace Grant 2004,PF,38,LAL,55,1106,.411,11.3,.996,.317,.063,.152,.464,.004,.413,.563,.500,.235,.356,.000,.750,,.009,2,.000,,0,0,grantho01,2004
Paul Grant 2004,C,30,UTA,10,98,.478,8.8,1.000,.348,.217,.174,.261,.000,.478,.500,.600,.250,.500,,.818,,.087,1,,,0,0,grantpa01,2004
Willie Green 2004,SG,22,PHI,53,767,.401,12.4,.829,.291,.143,.123,.272,.171,.419,.481,.333,.295,.454,.311,.476,.947,.028,6,.066,.000,2,0,greenwi01,2004
Adrian Griffin 2004,SG,29,HOU,19,133,.278,14.6,.889,.167,.056,.167,.500,.111,.250,.667,.000,.333,.111,.500,.750,.000,.000,0,.500,.000,0,0,griffad01,2004
Tom Gugliotta 2004,PF,34,TOT,55,819,.345,11.9,.980,.286,.099,.158,.438,.020,.347,.466,.300,.313,.292,.250,.739,.000,.025,5,.250,.000,1,0,guglito01,2004
Marcus Haislip 2004,PF,23,MIL,31,263,.486,6.3,.973,.486,.203,.189,.095,.027,.486,.667,.333,.214,.429,.500,.629,1.000,.230,16,.500,1.000,0,0,haislma01,2004
Darvin Ham 2004,SF,30,DET,54,484,.493,5.8,.973,.640,.067,.080,.187,.027,.493,.563,.000,.500,.429,.500,.639,.000,.320,19,.000,,0,0,hamda01,2004
Richard Hamilton 2004,SG,25,DET,78,2772,.455,10.7,.942,.274,.163,.256,.249,.058,.466,.611,.389,.455,.369,.265,.580,.889,.018,19,.441,.367,0,0,hamilri01,2004
Zendon Hamilton 2004,C,28,PHI,46,473,.537,2.9,1.000,.758,.095,.084,.063,.000,.537,.528,.667,.750,.167,,.706,,.084,8,,,0,0,hamilze01,2004
Ben Handlogten 2004,C,30,UTA,17,172,.532,1.8,1.000,.830,.085,.043,.043,.000,.532,.538,.750,.000,.500,,.600,,.085,3,,,0,0,handlbe01,2004
Travis Hansen 2004,SF,25,ATL,41,507,.354,13.2,.769,.277,.092,.131,.269,.231,.370,.556,.250,.235,.286,.300,.514,.778,.054,7,.367,.364,0,0,hansetr01,2004
Anfernee Hardaway 2004,SG,32,TOT,76,2095,.411,13.7,.884,.184,.140,.158,.402,.116,.415,.488,.379,.439,.385,.380,.602,.900,.003,1,.291,.391,0,0,hardaan01,2004
Matt Harpring 2004,SF,27,UTA,31,1134,.471,9.5,.920,.412,.095,.166,.246,.080,.491,.615,.462,.471,.307,.242,.730,1.000,.007,3,.182,.167,0,0,harprma01,2004
Al Harrington 2004,PF,23,IND,79,2441,.463,10.6,.915,.327,.138,.237,.215,.085,.481,.589,.264,.428,.513,.273,.585,.905,.073,65,.364,.321,3,0,harrial01,2004
Othella Harrington 2004,PF,30,NYK,56,872,.495,7.4,1.000,.337,.262,.322,.079,.000,.495,.750,.434,.323,.313,,.660,,.005,1,,,0,0,harriot01,2004
Lucious Harris 2004,PG,33,NJN,69,1504,.404,16.8,.782,.119,.063,.132,.469,.218,.412,.673,.379,.328,.373,.376,.799,.974,.000,0,.257,.385,0,0,harrilu01,2004
Jason Hart 2004,PG,25,SAS,53,660,.447,12.6,.943,.195,.170,.189,.390,.057,.460,.742,.296,.467,.387,.222,.594,.000,.000,0,.333,.000,1,0,hartja01,2004
Donnell Harvey 2004,PF,23,TOT,60,783,.443,6.2,.985,.463,.308,.100,.114,.015,.449,.581,.355,.250,.348,.000,.472,,.129,19,.333,.000,1,0,harvedo01,2004
Udonis Haslem 2004,PF,23,MIA,75,1795,.459,7.6,.993,.432,.168,.177,.217,.007,.462,.596,.373,.291,.402,.000,.644,,.069,28,.333,.000,1,0,hasleud01,2004
Trenton Hassell 2004,SG,24,MIN,81,2264,.465,13.9,.966,.192,.068,.163,.543,.034,.470,.589,.423,.419,.449,.308,.798,1.000,.016,6,.231,1.000,1,0,hassetr01,2004
Jarvis Hayes 2004,SF,22,WAS,70,2044,.400,13.0,.812,.245,.151,.135,.281,.188,.422,.600,.257,.340,.395,.305,.639,1.000,.030,20,.389,.373,0,0,hayesja01,2004
Brendan Haywood 2004,C,24,WAS,77,1484,.515,4.6,.997,.469,.379,.124,.026,.003,.517,.687,.395,.271,.400,.000,.500,,.178,66,.000,,0,0,haywobr01,2004
Shane Heal 2004,PG,33,SAS,6,72,.292,23.9,.250,.000,.000,.042,.208,.750,.500,,,1.000,.400,.222,.667,1.000,.000,0,.111,.000,0,0,healsh01,2004
Alan Henderson 2004,PF,31,ATL,6,68,.476,6.7,1.000,.476,.190,.190,.143,.000,.476,.600,.000,.500,.667,,.600,,.000,0,,,0,0,hendeal01,2004
Nenê 2004,PF,21,DEN,77,2504,.530,4.9,.997,.581,.190,.117,.108,.003,.532,.686,.350,.311,.265,.000,.713,,.213,120,.000,,1,0,hilarne01,2004
Tyrone Hill 2004,PF,35,MIA,5,38,.600,3.6,1.000,.600,.200,.200,.000,.000,.600,.333,1.000,1.000,,,.667,,.000,0,,,0,0,hillty01,2004
Kirk Hinrich 2004,PG,23,CHI,76,2706,.386,16.4,.552,.207,.079,.091,.175,.448,.383,.429,.431,.373,.313,.390,.328,.868,.004,3,.190,.429,1,0,hinriki01,2004
Fred Hoiberg 2004,SG,31,MIN,79,1804,.465,18.6,.551,.136,.029,.031,.355,.449,.483,.712,.182,.250,.441,.442,.922,1.000,.021,7,.262,.400,0,0,hoibefr01,2004
Robert Horry 2004,PF,33,SAS,81,1290,.405,13.3,.690,.299,.118,.121,.152,.310,.417,.606,.244,.310,.264,.380,.710,.927,.075,22,.139,.600,0,0,horryro01,2004
Eddie House 2004,SG,25,LAC,60,1188,.359,17.3,.697,.140,.051,.127,.379,.303,.351,.381,.348,.333,.347,.375,.591,.765,.002,0,.191,.423,3,0,houseed01,2004
Allan Houston 2004,SG,32,NYK,50,1799,.435,17.5,.741,.038,.076,.260,.367,.259,.437,.267,.441,.448,.446,.431,.522,.954,.000,0,.272,.455,1,0,houstal01,2004
Josh Howard 2004,SF,23,DAL,67,1589,.430,9.8,.876,.361,.199,.128,.188,.124,.448,.651,.292,.324,.310,.303,.536,.800,.038,18,.227,.133,2,0,howarjo01,2004
Juwan Howard 2004,PF,30,ORL,81,2877,.453,9.0,.999,.236,.295,.297,.171,.001,.453,.554,.417,.432,.410,.000,.586,,.034,32,.000,,0,0,howarju01,2004
Troy Hudson 2004,PG,27,MIN,29,503,.386,18.4,.628,.111,.063,.101,.353,.372,.377,.478,.385,.238,.384,.403,.327,.581,.000,0,.182,.571,0,0,hudsotr01,2004
Larry Hughes 2004,SG,25,WAS,61,2061,.397,13.8,.770,.243,.123,.126,.278,.230,.414,.584,.266,.386,.345,.341,.475,.886,.017,17,.159,.351,0,0,hughela01,2004
Ryan Humphrey 2004,PF,24,MEM,2,11,.250,15.0,.750,.250,.000,.000,.500,.250,.333,.000,,,.500,.000,1.000,,.000,0,.000,,0,0,humphry01,2004
Brandon Hunter 2004,PF,23,BOS,36,406,.457,4.9,.974,.612,.241,.052,.069,.026,.469,.592,.286,.333,.125,.000,.434,,.147,15,.000,,2,0,huntebr01,2004
Lindsey Hunter 2004,SG,33,DET,33,661,.343,15.8,.650,.203,.049,.112,.287,.350,.376,.483,.143,.438,.317,.280,.629,1.000,.000,0,.520,.385,0,0,hunteli01,2004
Steven Hunter 2004,C,22,ORL,59,789,.529,2.2,1.000,.735,.194,.052,.019,.000,.529,.632,.300,.125,.000,,.671,,.316,43,,,0,0,huntest01,2004
Zydrunas Ilgauskas 2004,C,28,CLE,81,2539,.483,7.0,.993,.434,.220,.199,.140,.007,.484,.597,.382,.417,.393,.286,.651,.500,.062,58,.000,,0,0,ilgauzy01,2004
Allen Iverson* 2004,SG,28,PHI,48,2040,.387,12.8,.823,.276,.116,.121,.311,.177,.408,.532,.346,.338,.349,.286,.339,.649,.004,4,.075,.267,0,0,iversal01,2004
Bobby Jackson 2004,SG,30,SAC,50,1185,.444,15.6,.630,.240,.081,.068,.242,.370,.488,.655,.333,.425,.392,.370,.489,.679,.000,0,.311,.441,3,0,jacksbo01,2004
Jim Jackson 2004,SF,33,HOU,80,3119,.424,17.8,.550,.108,.099,.117,.227,.450,.444,.402,.393,.514,.451,.400,.455,.963,.003,3,.491,.402,3,0,jacksji01,2004
Marc Jackson 2004,PF,29,PHI,22,598,.415,7.2,.994,.421,.193,.234,.146,.006,.418,.542,.242,.325,.440,.000,.704,,.029,5,.000,,1,0,jacksma02,2004
Mark Jackson 2004,PG,38,HOU,42,577,.340,14.4,.590,.250,.190,.080,.070,.410,.458,.560,.421,.500,.143,.171,.333,1.000,.000,0,.195,.125,0,0,jacksma01,2004
Stephen Jackson 2004,SF,25,ATL,80,2940,.425,14.0,.661,.288,.076,.112,.186,.339,.469,.617,.354,.319,.376,.340,.517,.903,.038,46,.314,.351,0,0,jacksst02,2004
Casey Jacobsen 2004,SF,22,PHO,78,1828,.417,15.9,.500,.283,.022,.044,.150,.500,.417,.510,.125,.125,.370,.417,.520,.960,.006,2,.461,.434,0,0,jacobca01,2004
Jerome James 2004,C,28,SEA,65,990,.498,4.6,1.000,.471,.367,.154,.008,.000,.498,.680,.326,.375,.000,,.566,,.212,47,,,0,0,jamesje01,2004
LeBron James 2004,SG,19,CLE,79,3122,.417,11.2,.855,.315,.168,.161,.211,.145,.438,.604,.356,.313,.352,.290,.442,.746,.064,91,.286,.323,3,0,jamesle01,2004
Mike James 2004,PG,28,TOT,81,2196,.414,16.2,.572,.198,.096,.079,.199,.428,.441,.546,.349,.385,.405,.377,.373,.887,.000,0,.249,.429,0,0,jamesmi01,2004
Antawn Jamison 2004,SF,27,DAL,82,2376,.535,7.1,.956,.403,.315,.103,.135,.044,.541,.693,.469,.404,.358,.400,.744,1.000,.019,17,.350,.429,0,0,jamisan01,2004
Marko Jarić 2004,PG,25,LAC,58,1760,.388,14.8,.686,.304,.050,.069,.262,.314,.410,.483,.375,.455,.320,.340,.403,.863,.008,4,.087,.308,3,0,jaricma01,2004
Chris Jefferies 2004,SF-SG,23,TOT,21,195,.375,19.3,.417,.153,.028,.097,.139,.583,.333,.636,.000,.000,.300,.405,.600,1.000,.014,1,.286,.500,1,0,jeffech01,2004
Richard Jefferson 2004,SF,23,NJN,82,3133,.498,9.9,.882,.416,.109,.103,.254,.118,.516,.659,.281,.383,.435,.364,.682,.875,.110,112,.341,.444,0,0,jefferi01,2004
Jared Jeffries 2004,PF,22,WAS,82,1913,.377,8.3,.936,.407,.235,.126,.168,.064,.392,.571,.236,.237,.291,.167,.494,.800,.070,31,.133,.000,0,0,jeffrja01,2004
Britton Johnsen 2004,C,24,ORL,20,290,.288,12.2,.797,.390,.051,.051,.305,.203,.340,.565,.000,.333,.111,.083,.375,1.000,.119,6,.167,.000,0,0,johnsbr01,2004
Anthony Johnson 2004,PG,29,IND,73,1598,.406,16.5,.703,.124,.083,.134,.363,.297,.436,.510,.206,.418,.470,.336,.556,.854,.007,2,.459,.411,0,0,johnsan02,2004
Avery Johnson 2004,PG,38,GSW,46,637,.402,6.1,.985,.482,.261,.090,.151,.015,.408,.521,.327,.222,.300,.000,.113,,.000,0,.000,,2,0,johnsav01,2004
DerMarr Johnson 2004,SF,23,NYK,21,287,.371,13.7,.629,.268,.134,.082,.144,.371,.377,.538,.154,.375,.286,.361,.565,.846,.062,5,.444,.375,0,0,johnsde03,2004
Ervin Johnson 2004,C,36,MIN,66,965,.534,4.4,.990,.515,.291,.165,.019,.010,.539,.642,.533,.294,.000,.000,.727,,.029,3,.000,,0,0,johnser02,2004
Joe Johnson 2004,SG,22,PHO,82,3331,.430,13.3,.789,.238,.139,.146,.266,.211,.463,.580,.517,.383,.375,.305,.343,.916,.027,32,.401,.431,6,0,johnsjo02,2004
Linton Johnson 2004,SF,23,CHI,41,734,.355,12.5,.837,.315,.094,.108,.320,.163,.382,.594,.158,.136,.323,.212,.646,.857,.079,15,.364,.250,1,0,johnsli01,2004
Dahntay Jones 2004,SG,23,MEM,20,154,.283,11.0,.925,.321,.132,.132,.340,.075,.286,.529,.429,.000,.111,.250,.643,1.000,.075,4,.500,.500,0,0,jonesda02,2004
Damon Jones 2004,PG,27,MIL,82,2016,.401,19.2,.479,.105,.038,.095,.240,.521,.446,.600,.400,.420,.397,.359,.348,.776,.000,0,.275,.320,0,0,jonesda01,2004
Eddie Jones 2004,SG,32,MIA,81,2998,.409,17.0,.586,.138,.088,.119,.240,.414,.437,.619,.402,.307,.410,.370,.527,.927,.014,13,.338,.407,0,0,jonesed02,2004
Fred Jones 2004,SG,24,IND,81,1508,.395,13.7,.714,.299,.109,.090,.215,.286,.432,.613,.382,.071,.358,.303,.563,1.000,.058,16,.258,.348,1,0,jonesfr01,2004
James Jones 2004,SF,23,IND,6,26,.222,21.6,.556,.000,.000,.111,.444,.444,.200,,,.000,.250,.250,1.000,1.000,.000,0,.000,,0,0,jonesja02,2004
Jumaine Jones 2004,SG,24,BOS,42,373,.344,16.9,.542,.208,.063,.063,.208,.458,.385,.450,.500,.500,.250,.295,.600,1.000,.010,1,.318,.286,0,0,jonesju01,2004
Popeye Jones 2004,PF,33,GSW,5,10,.000,8.5,1.000,.000,.500,.500,.000,.000,.000,,.000,.000,,,,,.000,0,,,0,0,jonespo01,2004
Chris Kaman 2004,C,21,LAC,82,1843,.460,4.7,.995,.520,.280,.152,.044,.005,.462,.544,.426,.303,.263,.000,.595,,.101,41,.000,,1,0,kamanch01,2004
Jason Kapono 2004,SF,22,CLE,41,427,.403,17.3,.659,.116,.047,.186,.310,.341,.365,.600,.167,.292,.350,.477,.806,.905,.000,0,.432,.368,0,0,kaponja01,2004
Jason Kidd* 2004,PG,30,NJN,67,2450,.384,15.9,.694,.214,.048,.123,.310,.306,.411,.488,.326,.339,.401,.321,.482,.840,.000,0,.106,.355,9,2,kiddja01,2004
Andrei Kirilenko 2004,PF,22,UTA,78,2895,.443,9.3,.784,.521,.072,.049,.142,.216,.471,.575,.373,.174,.242,.338,.529,.956,.114,100,.085,.471,1,0,kirilan01,2004
Kerry Kittles 2004,SG,29,NJN,82,2842,.453,14.3,.712,.282,.047,.101,.283,.288,.493,.656,.289,.371,.410,.351,.831,.907,.044,40,.120,.333,2,0,kittlke01,2004
Brevin Knight 2004,PG,28,TOT,56,1037,.427,13.3,.967,.179,.118,.195,.476,.033,.433,.591,.345,.313,.444,.250,.476,.000,.000,0,.250,.000,0,0,knighbr01,2004
Kyle Korver 2004,SF,22,PHI,74,882,.352,21.2,.367,.061,.009,.098,.199,.633,.283,.400,.333,.250,.262,.391,.853,1.000,.000,0,.362,.413,1,0,korveky01,2004
Toni Kukoč 2004,PF,35,MIL,73,1522,.417,13.2,.668,.352,.083,.087,.146,.332,.479,.629,.357,.250,.324,.292,.519,.980,.024,12,.119,.150,2,0,kukocto01,2004
Christian Laettner 2004,PF,34,WAS,48,984,.465,13.1,.918,.258,.074,.113,.473,.082,.481,.667,.211,.379,.446,.286,.779,.667,.008,2,.048,.000,1,0,laettch01,2004
Raef LaFrentz 2004,C,27,BOS,17,328,.460,14.5,.677,.282,.081,.065,.250,.323,.583,.657,.400,.625,.548,.200,.694,.875,.000,0,.325,.231,0,0,lafrera01,2004
Maciej Lampe 2004,C,18,PHO,21,224,.489,12.4,.955,.227,.102,.216,.409,.045,.512,.600,.556,.421,.500,.000,.674,,.011,1,.500,.000,0,0,lampema01,2004
Sean Lampley 2004,SF,24,GSW,10,63,.650,4.9,1.000,.500,.250,.200,.050,.000,.650,.700,.600,.500,1.000,,.615,,.150,2,,,0,0,lamplse01,2004
Dan Langhi 2004,SF,26,TOT,6,37,.357,15.9,.857,.000,.000,.643,.214,.143,.333,,,.444,.000,.500,.250,1.000,.000,0,1.000,.500,0,0,langhda01,2004
Rusty LaRue 2004,PG,30,GSW,4,22,.333,19.7,.667,.000,.000,.333,.333,.333,.000,,,.000,.000,1.000,,1.000,.000,0,1.000,1.000,0,0,larueru01,2004
Voshon Lenard 2004,SG,30,DEN,73,2233,.422,16.1,.690,.175,.066,.109,.340,.310,.447,.638,.403,.392,.375,.367,.604,.915,.000,0,.377,.422,1,0,lenarvo01,2004
Quincy Lewis 2004,SF,26,MIN,14,65,.350,16.7,.750,.200,.000,.200,.350,.250,.333,.500,,.250,.286,.400,.800,1.000,.000,0,.400,1.000,1,0,lewisqu01,2004
Rashard Lewis 2004,SF,24,SEA,80,2931,.435,14.3,.686,.174,.203,.124,.186,.314,.463,.687,.450,.362,.333,.376,.569,.945,.047,53,.345,.451,2,0,lewisra02,2004
Randy Livingston 2004,PG,28,LAC,4,48,.200,15.0,.700,.100,.300,.100,.200,.300,.286,.000,.333,.000,.500,.000,.500,,.000,0,.000,,0,0,livinra01,2004
Raül López 2004,PG,23,UTA,82,1617,.431,13.8,.836,.265,.079,.124,.368,.164,.458,.489,.317,.391,.489,.294,.449,.440,.002,1,.047,.250,1,0,lopezra01,2004
Tyronn Lue 2004,PG,26,ORL,76,2332,.433,16.5,.707,.134,.094,.139,.340,.293,.453,.510,.418,.444,.444,.383,.240,.863,.000,0,.139,.414,0,0,luety01,2004
George Lynch 2004,SF,33,NOH,78,1701,.397,14.3,.629,.277,.088,.069,.195,.371,.449,.519,.333,.423,.411,.309,.774,.930,.021,7,.511,.366,0,0,lynchge01,2004
Mark Madsen 2004,C,28,MIN,72,1246,.495,4.5,.971,.647,.230,.059,.034,.029,.510,.636,.277,.167,.286,.000,.683,,.123,23,.000,,3,0,madsema01,2004
Corey Maggette 2004,SF,24,LAC,73,2628,.447,12.7,.772,.354,.078,.073,.267,.228,.482,.655,.291,.405,.330,.329,.578,.934,.058,55,.078,.278,2,0,maggeco01,2004
Jamaal Magloire 2004,C,25,NOH,82,2777,.473,4.6,.999,.488,.365,.082,.064,.001,.474,.605,.363,.273,.365,.000,.624,,.158,110,.000,,0,0,magloja01,2004
Karl Malone* 2004,PF,40,LAL,42,1373,.483,10.4,.998,.320,.083,.218,.378,.003,.484,.688,.424,.414,.364,.000,.762,,.020,7,.000,,0,0,malonka01,2004
Stephon Marbury 2004,PG,26,TOT,81,3254,.431,13.3,.802,.305,.081,.093,.323,.198,.460,.560,.446,.411,.382,.318,.250,.356,.003,4,.040,.273,5,0,marbust01,2004
Shawn Marion 2004,SF,25,PHO,79,3217,.440,11.7,.802,.286,.142,.219,.155,.198,.465,.627,.524,.340,.288,.340,.540,.956,.077,98,.430,.439,1,0,mariosh01,2004
Donyell Marshall 2004,PF,30,TOT,82,2988,.461,12.9,.681,.325,.109,.070,.177,.319,.488,.630,.459,.254,.337,.403,.693,.992,.054,50,.480,.429,1,0,marshdo01,2004
Darrick Martin 2004,PG,32,MIN,16,172,.299,15.7,.612,.254,.104,.090,.164,.388,.341,.412,.714,.000,.182,.231,.214,1.000,.000,0,.115,.000,2,0,martida01,2004
Kenyon Martin 2004,PF,26,NJN,65,2252,.488,7.7,.972,.408,.252,.111,.201,.028,.494,.668,.392,.300,.376,.280,.669,1.000,.163,134,.160,.750,1,0,martike01,2004
Jamal Mashburn 2004,SF,31,NOH,19,730,.392,14.3,.832,.136,.093,.352,.251,.168,.414,.389,.351,.436,.420,.284,.358,.789,.003,1,.119,.250,0,0,mashbja01,2004
Desmond Mason 2004,SF,26,MIL,82,2534,.472,9.5,.955,.371,.153,.168,.262,.045,.483,.578,.429,.377,.449,.231,.640,.889,.075,56,.590,.261,1,0,masonde01,2004
Roger Mason 2004,SG,23,TOT,26,328,.327,15.4,.602,.265,.051,.061,.224,.398,.322,.462,.200,.167,.227,.333,.684,.923,.000,0,.385,.533,0,0,masonro01,2004
Tony Massenburg 2004,PF,36,SAC,59,789,.475,8.0,.995,.279,.361,.205,.151,.005,.477,.623,.468,.378,.364,.000,.577,,.105,19,.000,,1,0,masseto01,2004
Walter McCarty 2004,PF,29,BOS,77,1900,.388,20.5,.300,.086,.052,.059,.103,.700,.420,.711,.259,.387,.278,.374,.591,.971,.023,9,.336,.431,0,0,mccarwa01,2004
Amal McCaskill 2004,C,30,PHI,59,636,.402,6.7,.991,.487,.145,.205,.154,.009,.405,.561,.353,.333,.056,.000,.574,,.077,8,.000,,0,0,mccasam01,2004
Jelani McCoy 2004,C,26,CLE,2,12,,,,,,,,,,,,,,,,,,0,,,0,0,mccoyje01,2004
Antonio McDyess 2004,PF,29,TOT,42,927,.470,10.3,1.000,.284,.123,.280,.313,.000,.470,.684,.364,.360,.417,,.714,,.041,9,,,0,0,mcdyean01,2004
Tracy McGrady* 2004,SG,24,ORL,67,2675,.417,16.8,.672,.192,.042,.073,.365,.328,.455,.580,.303,.400,.418,.339,.457,.609,.036,53,.043,.364,0,0,mcgratr01,2004
Jeff McInnis 2004,SG-PG,29,TOT,70,2365,.447,13.2,.830,.181,.177,.250,.222,.170,.465,.504,.402,.481,.464,.362,.497,.957,.001,1,.189,.458,3,0,mcinnje01,2004
Aaron McKie 2004,SF,31,PHI,75,2112,.459,14.1,.702,.234,.087,.163,.218,.298,.469,.578,.420,.415,.413,.436,.547,.973,.003,2,.541,.473,0,0,mckieaa01,2004
Keith McLeod 2004,PG,24,MIN,33,391,.329,14.8,.878,.207,.061,.171,.439,.122,.361,.471,.400,.286,.333,.100,.423,1.000,.000,0,.100,.000,0,0,mcleoke01,2004
Stanislav Medvedenko 2004,PF,24,LAL,68,1442,.441,10.4,.994,.304,.143,.184,.363,.006,.444,.558,.364,.444,.379,.000,.709,,.020,11,.333,.000,1,0,medvest01,2004
Ron Mercer 2004,SG,27,SAS,39,516,.427,14.2,.967,.166,.071,.204,.526,.033,.431,.571,.267,.488,.387,.286,.761,.000,.033,7,.286,.000,0,0,mercero01,2004
Chris Mihm 2004,C-PF,24,TOT,76,1330,.488,5.4,1.000,.543,.241,.092,.123,.000,.488,.594,.457,.257,.255,,.645,,.160,58,,,0,0,mihmch01,2004
Darius Miles 2004,SF,22,TOT,79,2079,.485,8.2,.947,.444,.162,.130,.211,.053,.502,.614,.426,.418,.377,.175,.617,1.000,.143,102,.300,.167,1,0,milesda01,2004
Darko Miličić 2004,C,18,DET,34,159,.262,8.0,.985,.308,.323,.200,.154,.015,.266,.450,.333,.077,.000,.000,.882,,.092,4,.000,,0,0,milicda01,2004
Andre Miller 2004,PG,27,DEN,82,2838,.457,9.1,.931,.368,.186,.238,.139,.069,.477,.613,.423,.406,.313,.185,.356,.500,.005,4,.154,.200,6,0,millean02,2004
Brad Miller 2004,PF,27,SAC,72,2621,.510,10.0,.948,.364,.152,.119,.313,.052,.521,.692,.288,.391,.485,.316,.726,1.000,.062,43,.026,1.000,5,0,millebr01,2004
Mike Miller 2004,SF,23,MEM,65,1770,.438,15.0,.651,.282,.068,.045,.255,.349,.474,.603,.333,.179,.420,.372,.663,.988,.018,11,.121,.154,0,0,millemi01,2004
Oliver Miller 2004,C,33,MIN,48,506,.530,3.0,.990,.780,.080,.050,.080,.010,.535,.590,.625,.200,.125,.000,.623,,.060,6,.000,,1,0,milleol01,2004
Reggie Miller* 2004,SG,38,IND,80,2254,.438,20.1,.438,.082,.047,.062,.246,.562,.485,.735,.500,.432,.411,.401,.706,.896,.002,1,.284,.474,1,0,millere01,2004
Yao Ming* 2004,C,23,HOU,82,2692,.522,7.1,.998,.322,.367,.211,.099,.002,.523,.730,.415,.444,.416,.000,.613,,.101,94,.000,,0,0,mingya01,2004
Cuttino Mobley 2004,SG,28,HOU,80,3229,.426,15.8,.611,.208,.088,.109,.206,.389,.448,.582,.389,.322,.404,.390,.348,.829,.018,19,.264,.378,3,0,moblecu01,2004
Nazr Mohammed 2004,C,26,TOT,80,1611,.521,5.4,1.000,.447,.318,.178,.057,.000,.521,.630,.460,.440,.259,,.606,,.102,44,,,0,0,mohamna01,2004
Jérôme Moïso 2004,PF,25,TOR,35,417,.476,5.7,.988,.452,.321,.155,.060,.012,.482,.632,.444,.308,.000,.000,.475,,.131,11,.000,,0,0,moisoje01,2004
Mikki Moore 2004,PF-C,28,TOT,32,395,.505,7.5,1.000,.424,.192,.172,.212,.000,.505,.690,.526,.235,.333,,.640,,.162,15,,,0,0,mooremi01,2004
Alonzo Mourning* 2004,C,33,NJN,12,215,.465,8.2,1.000,.366,.225,.169,.239,.000,.465,.654,.563,.250,.235,,.667,,.141,10,,,0,0,mournal01,2004
Troy Murphy 2004,PF,23,GSW,28,610,.440,12.1,.930,.272,.128,.074,.457,.070,.451,.591,.194,.278,.468,.294,.794,1.000,.033,7,.471,.375,0,0,murphtr01,2004
Lamond Murray 2004,SF,30,TOR,33,518,.353,16.0,.721,.163,.070,.098,.391,.279,.355,.543,.400,.238,.298,.350,.527,.905,.028,4,.500,.367,0,0,murrala01,2004
Ronald Murray 2004,PG,24,SEA,82,2021,.425,13.5,.750,.267,.113,.137,.234,.250,.469,.590,.427,.416,.383,.293,.357,.851,.049,34,.336,.377,9,0,murraro01,2004
Tracy Murray 2004,SF,32,POR,7,35,.250,16.4,.583,.167,.083,.167,.167,.417,.143,.500,.000,.000,.000,.400,1.000,1.000,.083,1,.200,.000,0,0,murratr01,2004
Dikembe Mutombo* 2004,C,37,NYK,65,1494,.478,5.0,1.000,.444,.380,.136,.041,.000,.478,.611,.384,.400,.167,,.589,,.108,29,,,0,0,mutomdi01,2004
Mamadou N'Diaye 2004,C,28,TOT,28,366,.391,3.5,1.000,.667,.203,.087,.043,.000,.391,.543,.071,.000,.333,,.778,,.116,8,,,0,0,ndiayma02,2004
Boštjan Nachbar 2004,SF,23,HOU,45,516,.356,15.8,.523,.280,.053,.030,.159,.477,.348,.541,.000,.250,.143,.365,.542,.957,.045,5,.238,.200,0,0,nachbbo01,2004
Lee Nailon 2004,PF-SF,28,TOT,57,780,.450,9.3,.991,.266,.257,.278,.190,.009,.454,.598,.429,.418,.339,.000,.660,,.015,5,.667,.000,1,0,nailole01,2004
Eduardo Nájera 2004,SF,27,DAL,58,720,.444,6.5,.975,.580,.074,.154,.167,.025,.443,.511,.250,.440,.296,.500,.729,.500,.037,6,.000,,1,0,najered01,2004
Steve Nash* 2004,PG,29,DAL,78,2612,.470,14.4,.696,.226,.127,.138,.205,.304,.498,.550,.467,.513,.451,.405,.167,.558,.000,0,.054,.571,2,0,nashst01,2004
Rasho Nesterović 2004,C,27,SAS,82,2353,.469,8.0,1.000,.330,.291,.219,.160,.000,.469,.606,.397,.405,.402,,.671,,.059,39,,,0,0,nestera01,2004
Ira Newble 2004,SF,29,CLE,64,1245,.391,12.3,.931,.283,.058,.181,.409,.069,.412,.487,.313,.400,.381,.105,.745,1.000,.033,9,.632,.167,0,0,newblir01,2004
Moochie Norris 2004,PG,30,TOT,66,847,.369,14.8,.733,.240,.111,.092,.290,.267,.377,.462,.292,.250,.381,.345,.500,.950,.000,0,.259,.600,3,0,norrimo01,2004
Dirk Nowitzki 2004,C,25,DAL,77,2915,.462,15.3,.779,.154,.085,.198,.342,.221,.496,.658,.387,.471,.464,.341,.670,.970,.028,35,.097,.357,3,0,nowitdi01,2004
Jermaine O'Neal 2004,PF,25,IND,78,2788,.434,9.3,.987,.232,.312,.273,.170,.013,.438,.591,.382,.414,.374,.111,.706,1.000,.069,89,.278,.200,2,0,onealje01,2004
Shaquille O'Neal* 2004,C,31,LAL,67,2464,.584,3.2,1.000,.576,.366,.057,.001,.000,.584,.731,.418,.185,.000,,.659,,.236,213,,,0,0,onealsh01,2004
Charles Oakley 2004,PF,40,HOU,7,25,.333,11.0,1.000,.333,.000,.167,.500,.000,.333,.500,,1.000,.000,,1.000,,.000,0,,,0,0,oaklech01,2004
Lamar Odom 2004,PF,24,MIA,80,3003,.430,9.1,.818,.398,.243,.086,.091,.182,.460,.537,.427,.320,.343,.298,.344,.902,.035,30,.102,.429,1,0,odomla01,2004
Mehmet Okur 2004,PF,24,DET,71,1580,.463,9.6,.911,.351,.188,.203,.170,.089,.472,.537,.451,.464,.370,.375,.562,.889,.037,19,.146,.286,1,0,okurme01,2004
Kevin Ollie 2004,PG,31,CLE,82,1401,.370,11.0,.965,.300,.113,.222,.331,.035,.367,.455,.310,.281,.365,.444,.615,.750,.000,0,.000,,0,0,ollieke01,2004
Michael Olowokandi 2004,C,28,MIN,43,925,.425,7.7,1.000,.158,.533,.305,.004,.000,.425,.511,.447,.333,1.000,,.702,,.039,9,,,0,0,olowomi01,2004
Greg Ostertag 2004,C,30,UTA,78,2153,.476,3.5,.998,.693,.128,.119,.057,.002,.477,.574,.321,.192,.240,.000,.615,,.094,35,.000,,0,0,ostergr01,2004
Bo Outlaw 2004,PF,32,MEM,82,1606,.510,3.5,.987,.651,.247,.032,.058,.013,.516,.626,.351,.200,.167,.000,.711,,.077,22,.000,,2,0,outlabo01,2004
Travis Outlaw 2004,PF,19,POR,8,19,.429,10.9,1.000,.286,.143,.286,.286,.000,.429,1.000,.000,.000,.500,,.333,,.286,2,,,0,0,outlatr01,2004
Doug Overton 2004,PG,34,TOT,61,1033,.404,16.0,.906,.122,.045,.163,.576,.094,.432,.433,.273,.325,.475,.130,.583,.667,.000,0,.087,.000,0,0,overtdo01,2004
Zaza Pachulia 2004,C,19,ORL,59,664,.389,3.8,1.000,.657,.160,.091,.091,.000,.389,.487,.214,.188,.188,,.588,,.023,4,,,0,0,pachuza01,2004
Robert Pack 2004,PG,34,NJN,26,220,.423,11.2,1.000,.346,.038,.154,.462,.000,.423,.667,1.000,.375,.208,,.273,,.000,0,,,0,0,packro01,2004
Scott Padgett 2004,PF,27,HOU,58,547,.443,14.7,.611,.311,.030,.096,.174,.389,.451,.519,.200,.438,.379,.431,.630,.929,.006,1,.246,.563,0,0,padgesc01,2004
Milt Palacio 2004,PG,25,TOR,59,1211,.349,9.8,.913,.436,.067,.151,.258,.087,.368,.462,.150,.244,.338,.154,.440,1.000,.010,3,.462,.250,1,0,palacmi01,2004
Jannero Pargo 2004,PG,24,TOT,31,479,.407,18.3,.688,.070,.050,.146,.422,.312,.431,.429,.200,.414,.464,.355,.322,.864,.000,0,.161,.500,0,0,pargoja01,2004
Tony Parker 2004,PG,21,SAS,75,2577,.447,12.5,.790,.296,.170,.053,.271,.210,.483,.639,.398,.420,.379,.312,.321,.694,.001,1,.191,.316,1,0,parketo01,2004
Cherokee Parks 2004,C,31,GSW,12,64,.400,6.5,1.000,.500,.100,.200,.200,.000,.400,.400,.000,.500,.500,,.750,,.000,0,,,0,0,parksch02,2004
Ruben Patterson 2004,SF,28,POR,73,1651,.506,4.5,.970,.671,.132,.063,.104,.030,.517,.638,.231,.360,.195,.167,.556,.500,.144,55,.167,.000,0,0,patteru01,2004
Sasha Pavlović 2004,SF,20,UTA,79,1144,.396,12.4,.814,.319,.104,.074,.316,.186,.425,.600,.308,.286,.319,.271,.638,.947,.040,15,.343,.333,0,0,pavloal01,2004
Gary Payton* 2004,PG,35,LAL,82,2825,.471,9.5,.839,.416,.148,.146,.129,.161,.497,.606,.447,.369,.348,.333,.508,.964,.000,0,.188,.387,3,0,paytoga01,2004
Anthony Peeler 2004,SG,34,SAC,75,1391,.448,18.0,.595,.115,.063,.080,.336,.405,.425,.500,.273,.464,.419,.482,.716,.926,.000,0,.298,.548,0,0,peelean01,2004
Desmond Penigar 2004,PF,22,ORL,10,89,.500,7.9,1.000,.357,.250,.143,.250,.000,.500,.500,.571,.500,.429,,.643,,.036,1,,,0,0,penigde01,2004
Kirk Penney 2004,SG,23,MIA,2,18,.167,22.0,.500,.000,.000,.000,.500,.500,.000,,,,.000,.333,,1.000,.000,0,.667,.500,0,0,penneki01,2004
Kendrick Perkins 2004,C,19,BOS,10,35,.533,4.7,1.000,.400,.467,.133,.000,.000,.533,.833,.429,.000,,,.375,,.067,1,,,0,0,perkike01,2004
Wesley Person 2004,SG,32,TOT,58,1037,.401,19.9,.561,.025,.045,.108,.382,.439,.403,.500,.714,.324,.383,.399,.831,.945,.000,0,.290,.375,0,0,persowe01,2004
Morris Peterson 2004,SF,26,TOR,82,2148,.405,18.0,.421,.175,.053,.046,.147,.579,.453,.573,.290,.296,.419,.371,.679,.960,.014,8,.591,.408,1,0,petermo01,2004
Eric Piatkowski 2004,SF,33,HOU,49,703,.377,19.5,.361,.126,.031,.079,.126,.639,.420,.583,.333,.333,.333,.352,.793,.977,.000,0,.385,.383,0,0,piatker01,2004
Paul Pierce 2004,SG,26,BOS,80,3099,.402,15.0,.743,.214,.074,.149,.306,.257,.438,.564,.270,.386,.415,.299,.446,.791,.026,36,.083,.156,4,0,piercpa01,2004
Mickaël Piétrus 2004,PG,21,GSW,53,748,.416,14.0,.545,.329,.082,.065,.069,.455,.484,.605,.421,.200,.250,.333,.525,.943,.074,16,.543,.386,1,0,pietrmi01,2004
Scottie Pippen* 2004,SF,38,CHI,23,412,.379,15.5,.657,.207,.064,.136,.250,.343,.435,.586,.333,.316,.400,.271,.500,.769,.007,1,.146,.286,0,0,pippesc01,2004
Zoran Planinić 2004,SG,21,NJN,49,473,.411,11.5,.752,.388,.155,.093,.116,.248,.454,.640,.250,.250,.267,.281,.659,.778,.016,2,.219,.429,3,0,planizo01,2004
Scot Pollard 2004,C,28,IND,61,678,.412,4.2,1.000,.658,.158,.114,.070,.000,.412,.493,.167,.154,.625,,.617,,.009,1,,,0,0,pollasc01,2004
Olden Polynice 2004,C,39,LAC,2,12,,,,,,,,,,,,,,,,,,0,,,0,0,polynol01,2004
Mark Pope 2004,PF,31,DEN,4,20,.500,4.5,1.000,.500,.500,.000,.000,.000,.500,1.000,.000,,,,1.000,,.000,0,,,0,0,popema01,2004
James Posey 2004,SG,27,MEM,82,2451,.478,12.4,.623,.370,.105,.053,.095,.377,.533,.646,.420,.293,.356,.386,.617,.875,.078,53,.410,.370,0,0,poseyja01,2004
Vitaly Potapenko 2004,C,28,SEA,65,1419,.489,8.0,1.000,.271,.320,.296,.112,.000,.489,.595,.405,.488,.478,,.830,,.007,3,,,0,0,potapvi01,2004
Tayshaun Prince 2004,SF,23,DET,82,2701,.467,11.6,.783,.311,.163,.120,.188,.217,.496,.631,.381,.414,.426,.363,.580,.982,.068,48,.382,.483,0,0,princta01,2004
Joel Przybilla 2004,C,24,TOT,17,347,.360,4.4,1.000,.580,.200,.160,.060,.000,.360,.414,.100,.250,1.000,,.611,,.080,4,,,0,0,przybjo01,2004
Vladimir Radmanović 2004,PF,23,SEA,77,2321,.425,16.5,.536,.209,.090,.058,.179,.464,.471,.647,.301,.362,.386,.371,.527,.936,.059,43,.318,.342,2,0,radmavl01,2004
Zach Randolph 2004,PF,22,POR,81,3067,.485,7.6,.996,.351,.298,.164,.183,.004,.486,.594,.456,.411,.394,.200,.597,1.000,.018,23,.200,.000,1,0,randoza01,2004
Theo Ratliff 2004,C,30,TOT,85,2664,.485,6.9,1.000,.397,.240,.259,.104,.000,.485,.702,.356,.338,.316,,.643,,.182,100,,,0,0,ratlith01,2004
Željko Rebrača 2004,C,31,TOT,24,273,.442,8.1,1.000,.234,.338,.377,.052,.000,.442,.722,.308,.345,.750,,.471,,.026,2,,,0,0,rebraze01,2004
Michael Redd 2004,SG,24,MIL,82,3021,.440,13.1,.748,.252,.127,.203,.166,.252,.470,.602,.421,.414,.377,.350,.563,.913,.024,32,.298,.361,2,0,reddmi01,2004
Glen Rice 2004,SF,36,LAC,18,262,.289,17.4,.632,.079,.105,.184,.263,.368,.354,.667,.375,.214,.350,.179,.529,1.000,.000,0,.179,.200,0,0,ricegl01,2004
Jason Richardson 2004,SG,23,GSW,78,2936,.438,11.7,.787,.290,.188,.109,.199,.213,.481,.686,.368,.300,.387,.282,.506,.961,.075,86,.223,.262,3,0,richaja01,2004
Quentin Richardson 2004,SG,23,LAC,65,2338,.398,12.8,.681,.348,.108,.074,.151,.319,.420,.532,.339,.266,.292,.352,.449,.850,.047,44,.144,.347,1,0,richaqu01,2004
Luke Ridnour 2004,PG,22,SEA,69,1114,.414,14.4,.771,.197,.134,.097,.343,.229,.437,.681,.277,.353,.383,.338,.390,.741,.000,0,.213,.588,1,0,ridnolu01,2004
Clifford Robinson 2004,PF,37,GSW,82,2846,.387,16.1,.668,.106,.187,.120,.255,.332,.403,.630,.390,.336,.349,.357,.563,.991,.003,3,.121,.289,1,0,robincl02,2004
Eddie Robinson 2004,SF,27,CHI,51,1024,.482,14.2,.985,.150,.067,.202,.564,.015,.486,.653,.409,.485,.451,.200,.897,.000,.043,13,.200,.000,0,0,robined01,2004
Glenn Robinson 2004,SF,31,PHI,42,1336,.448,14.0,.837,.109,.150,.353,.225,.163,.469,.597,.489,.433,.449,.340,.639,.971,.011,6,.200,.450,1,0,robingl01,2004
Rodney Rogers 2004,PF,32,NJN,69,1409,.410,11.6,.699,.434,.061,.050,.154,.301,.445,.507,.484,.440,.256,.329,.605,.960,.042,18,.138,.524,0,0,rogerro01,2004
Sean Rooks 2004,C,34,TOT,55,595,.358,15.1,.993,.126,.066,.166,.636,.007,.360,.316,.200,.400,.375,.000,.926,,.007,1,.000,,0,0,rooksse01,2004
Jalen Rose 2004,PG-SF,31,TOT,66,2497,.402,14.2,.788,.147,.153,.232,.255,.212,.419,.579,.363,.407,.370,.342,.312,.957,.008,7,.391,.405,0,0,roseja01,2004
Malik Rose 2004,PF,29,SAS,67,1256,.428,8.5,.993,.408,.171,.163,.250,.007,.431,.564,.333,.333,.347,.000,.705,,.072,27,.000,,1,0,rosema01,2004
Michael Ruffin 2004,PF,27,UTA,41,733,.325,4.1,1.000,.598,.214,.111,.077,.000,.325,.457,.120,.231,.000,,.526,,.179,18,,,0,0,ruffimi01,2004
Kareem Rush 2004,SG,23,LAL,72,1244,.440,16.3,.681,.176,.060,.139,.306,.319,.483,.605,.423,.417,.455,.348,.655,.938,.014,4,.152,.381,2,0,rushka01,2004
Bryon Russell 2004,SF,33,LAL,72,945,.402,19.0,.541,.115,.049,.057,.320,.459,.417,.536,.333,.286,.410,.384,.782,.977,.008,1,.304,.441,1,0,russebr01,2004
John Salmons 2004,SG,24,PHI,77,1603,.387,15.1,.647,.243,.053,.127,.224,.353,.413,.584,.136,.321,.344,.340,.595,.960,.026,10,.510,.320,0,0,salmojo01,2004
Jamal Sampson 2004,C,20,LAL,10,130,.478,6.1,1.000,.522,.130,.261,.087,.000,.478,.417,.667,.500,.500,,.545,,.043,1,,,0,0,sampsja01,2004
Daniel Santiago 2004,C,27,MIL,54,708,.479,4.7,1.000,.515,.301,.123,.061,.000,.479,.536,.490,.250,.400,,.744,,.129,21,,,0,0,santida01,2004
Brian Scalabrine 2004,PF,25,NJN,69,928,.394,13.8,.812,.252,.083,.106,.372,.188,.429,.491,.389,.435,.395,.244,.803,1.000,.037,8,.293,.417,0,0,scalabr01,2004
Ansu Sesay 2004,SF,27,SEA,57,583,.455,11.4,.882,.354,.107,.073,.348,.118,.478,.667,.316,.385,.355,.286,.627,1.000,.129,21,.381,.375,0,0,sesayan01,2004
Paul Shirley 2004,PF,26,CHI,7,86,.435,10.1,.957,.261,.304,.000,.391,.043,.455,.833,.429,,.222,.000,.700,,.043,1,1.000,.000,0,0,shirlpa01,2004
Bobby Simmons 2004,SF,23,LAC,56,1376,.394,9.9,.968,.375,.129,.126,.338,.032,.402,.500,.292,.255,.389,.167,.628,1.000,.024,9,.500,.333,0,0,simmobo01,2004
Brian Skinner 2004,C,27,MIL,56,1577,.497,6.1,1.000,.400,.326,.220,.055,.000,.497,.610,.485,.389,.179,,.624,,.086,42,,,0,0,skinnbr01,2004
Tamar Slay 2004,SG,23,NJN,22,165,.350,14.0,.800,.267,.100,.117,.317,.200,.354,.563,.000,.286,.316,.333,.647,.750,.033,2,.583,.571,1,0,slayta01,2004
Jabari Smith 2004,C,26,SAC,31,168,.371,13.0,.957,.200,.129,.157,.471,.043,.388,.643,.111,.273,.394,.000,.577,,.057,4,.333,.000,0,0,smithja01,2004
Joe Smith 2004,PF,28,MIL,76,2254,.439,9.3,.993,.338,.147,.254,.254,.007,.441,.552,.337,.417,.378,.200,.703,1.000,.072,46,.000,,0,0,smithjo02,2004
Leon Smith 2004,C,23,SEA,1,4,.500,5.0,1.000,.500,.500,.000,.000,.000,.500,1.000,.000,,,,.000,,.000,0,,,0,0,smithle01,2004
Steve Smith 2004,SG,34,NOH,71,929,.406,14.7,.635,.195,.133,.147,.160,.365,.409,.509,.436,.326,.340,.402,.539,.860,.017,3,.421,.467,0,0,smithst01,2004
Theron Smith 2004,SF,23,MEM,20,178,.372,12.3,.721,.372,.093,.000,.256,.279,.323,.438,.500,,.091,.500,.700,1.000,.023,1,.500,.333,0,0,smithth01,2004
Eric Snow 2004,PG,30,PHI,82,2966,.413,9.7,.975,.343,.123,.245,.264,.025,.420,.543,.318,.366,.360,.111,.474,1.000,.000,0,.111,.000,1,0,snower01,2004
Darius Songaila 2004,PF,25,SAC,73,976,.487,6.0,1.000,.513,.216,.055,.216,.000,.487,.614,.305,.267,.424,,.729,,.029,8,,,0,0,songada01,2004
Latrell Sprewell 2004,SF,33,MIN,82,3100,.409,14.9,.764,.151,.108,.222,.283,.236,.433,.550,.358,.431,.402,.331,.656,.929,.014,17,.368,.355,2,0,sprewla01,2004
Jerry Stackhouse 2004,SF,29,WAS,26,774,.399,13.8,.798,.199,.112,.221,.265,.202,.410,.641,.278,.380,.318,.354,.476,.913,.028,9,.277,.500,0,0,stackje01,2004
Vladimir Stepania 2004,C,27,POR,42,453,.417,6.1,1.000,.544,.146,.146,.165,.000,.417,.571,.200,.267,.235,,.698,,.049,4,,,0,0,stepavl01,2004
DeShawn Stevenson 2004,SG-SF,22,TOT,80,2444,.432,14.0,.918,.268,.053,.046,.552,.082,.446,.506,.261,.350,.443,.268,.664,.842,.030,24,.366,.231,0,0,stevede01,2004
Michael Stewart 2004,C-PF,28,TOT,25,147,.417,4.8,1.000,.667,.083,.250,.000,.000,.417,.375,.000,.667,,,.800,,.167,2,,,0,0,stewami01,2004
Peja Stojaković 2004,SF,26,SAC,81,3264,.480,15.7,.600,.220,.069,.091,.220,.400,.511,.672,.396,.405,.430,.433,.706,.888,.015,20,.305,.414,1,0,stojape01,2004
Damon Stoudamire 2004,PG,30,POR,82,3118,.401,17.3,.581,.151,.083,.106,.241,.419,.426,.500,.345,.389,.424,.365,.341,.801,.000,0,.124,.302,1,0,stoudda01,2004
Amar'e Stoudemire 2004,PF,21,PHO,55,2025,.475,6.3,.994,.429,.296,.162,.108,.006,.477,.609,.414,.357,.301,.200,.459,1.000,.147,112,.000,,1,0,stoudam01,2004
Erick Strickland 2004,PG,30,MIL,43,571,.403,15.2,.663,.214,.082,.148,.219,.337,.385,.500,.250,.414,.302,.439,.380,.966,.000,0,.197,.308,0,0,stricer01,2004
Rod Strickland 2004,PG,37,TOT,61,1197,.425,12.8,.898,.244,.096,.193,.365,.102,.442,.593,.412,.338,.403,.278,.343,.900,.000,0,.222,.375,1,0,stricro02,2004
Bruno Šundov 2004,C,23,TOT,5,33,.400,8.6,1.000,.400,.200,.000,.400,.000,.400,.250,.500,,.500,,.750,,.000,0,,,0,0,sundobr01,2004
Bob Sura 2004,SG,30,TOT,80,1663,.416,8.8,.837,.515,.085,.082,.155,.163,.446,.504,.268,.250,.453,.266,.436,.857,.016,8,.367,.241,1,0,surabo01,2004
Mike Sweetney 2004,PF,21,NYK,42,494,.493,5.6,.993,.507,.264,.121,.100,.007,.496,.676,.270,.412,.286,.000,.536,,.079,10,.000,,1,0,sweetmi01,2004
Stromile Swift 2004,PF,24,MEM,77,1528,.469,7.2,.993,.433,.240,.100,.221,.007,.471,.534,.445,.246,.476,.250,.697,1.000,.165,78,.250,1.000,1,0,swiftst01,2004
Wally Szczerbiak 2004,SF,26,MIN,28,622,.449,15.2,.805,.123,.119,.153,.411,.195,.453,.517,.464,.472,.423,.435,.674,.950,.004,0,.435,.400,0,0,szczewa02,2004
Maurice Taylor 2004,PF,27,HOU,75,2081,.480,10.0,.997,.294,.184,.213,.306,.003,.481,.587,.461,.423,.432,.000,.559,,.063,39,.000,,0,0,tayloma01,2004
Jason Terry 2004,PG,26,ATL,81,3018,.417,16.1,.648,.133,.120,.170,.226,.352,.455,.522,.455,.404,.456,.347,.346,.719,.004,5,.287,.364,1,0,terryja01,2004
Etan Thomas 2004,C,25,WAS,79,1901,.489,4.4,1.000,.519,.346,.110,.025,.000,.489,.612,.374,.345,.154,,.615,,.188,90,,,0,0,thomaet01,2004
Kenny Thomas 2004,PF,26,PHI,74,2699,.469,6.7,.994,.486,.197,.113,.198,.006,.470,.567,.394,.196,.466,.200,.624,.000,.069,51,.000,,1,0,thomake01,2004
Kurt Thomas 2004,PF,31,NYK,80,2548,.473,11.9,.996,.165,.157,.328,.346,.004,.475,.540,.485,.445,.467,.000,.801,,.005,4,.000,,0,0,thomaku01,2004
Tim Thomas 2004,SF,26,TOT,66,2089,.446,12.4,.761,.250,.180,.204,.128,.239,.468,.542,.514,.398,.375,.376,.507,.986,.032,24,.263,.353,3,0,thomati01,2004
Jamaal Tinsley 2004,PG,25,IND,52,1378,.414,17.5,.441,.176,.103,.065,.097,.559,.466,.569,.474,.375,.333,.372,.368,.779,.003,0,.348,.347,0,0,tinslja01,2004
Robert Traylor 2004,C,26,NOH,71,942,.505,7.4,.983,.446,.220,.129,.188,.017,.507,.656,.540,.324,.241,.400,.671,1.000,.125,34,.000,,1,0,traylro01,2004
Gary Trent 2004,C,29,MIN,68,1025,.473,7.1,.982,.399,.274,.210,.098,.018,.481,.679,.389,.290,.344,.000,.703,,.027,9,.000,,0,0,trentga01,2004
Jeff Trepagnier 2004,SG,24,DEN,11,96,.263,9.9,.895,.421,.079,.079,.316,.105,.235,.313,.000,.000,.250,.500,.875,1.000,.132,3,.250,1.000,0,0,trepaje01,2004
Cezary Trybański 2004,C,24,TOT,7,15,.000,11.8,1.000,.000,.500,.500,.000,.000,.000,,.000,.000,,,,,.000,0,,,0,0,trybace01,2004
Jake Tsakalidis 2004,C,24,MEM,40,533,.504,5.8,1.000,.459,.301,.090,.150,.000,.504,.639,.425,.250,.400,,.776,,.188,22,,,0,0,tsakaja01,2004
Nikoloz Tskitishvili 2004,PF,20,DEN,39,307,.328,14.4,.910,.172,.139,.057,.541,.090,.333,.476,.471,.143,.273,.273,.784,1.000,.025,3,.091,.000,0,0,tskitni01,2004
Hedo Türkoğlu 2004,SF,24,SAS,80,2073,.406,16.2,.626,.169,.102,.109,.247,.374,.399,.532,.288,.329,.384,.419,.547,.921,.019,11,.353,.506,1,0,turkohe01,2004
Ime Udoka 2004,SF,26,LAL,4,28,.333,11.1,.889,.333,.000,.444,.111,.111,.375,1.000,,.000,.000,.000,.333,,.000,0,.000,,0,0,udokaim01,2004
Nick Van Exel 2004,PG,32,GSW,39,1255,.390,14.7,.687,.104,.284,.157,.142,.313,.429,.640,.382,.387,.412,.307,.184,.609,.000,0,.147,.227,1,0,vanexni01,2004
Keith Van Horn 2004,SF,28,TOT,72,2340,.454,11.9,.742,.301,.168,.133,.140,.258,.473,.588,.428,.392,.357,.399,.517,1.000,.040,34,.352,.402,0,0,vanhoke01,2004
Jacque Vaughn 2004,PG,28,ATL,71,1271,.386,14.6,.928,.177,.036,.191,.523,.072,.405,.449,.300,.377,.407,.150,.490,1.000,.000,0,.350,.429,0,0,vaughja01,2004
Jake Voskuhl 2004,C,26,PHO,66,1606,.507,4.4,1.000,.653,.127,.120,.100,.000,.507,.592,.421,.333,.267,,.717,,.127,32,,,0,0,voskuja01,2004
Slavko Vraneš 2004,C,21,POR,1,3,.000,15.0,1.000,.000,.000,1.000,.000,.000,.000,,,.000,,,,,.000,0,,,0,0,vranesl01,2004
Dwyane Wade 2004,PG,22,MIA,61,2126,.465,7.4,.934,.476,.198,.115,.144,.066,.477,.584,.462,.293,.287,.302,.341,.813,.085,63,.415,.455,2,0,wadedw01,2004
Dajuan Wagner 2004,SG,20,CLE,44,708,.366,12.2,.719,.229,.288,.118,.085,.281,.368,.414,.386,.278,.308,.360,.383,.935,.013,2,.128,.182,0,0,wagneda02,2004
Antoine Walker 2004,PF,27,DAL,82,2840,.428,9.8,.730,.404,.226,.064,.036,.270,.487,.577,.424,.306,.195,.269,.449,.927,.021,20,.157,.292,0,0,walkean02,2004
Samaki Walker 2004,PF,27,MIA,33,418,.384,7.5,.980,.424,.283,.172,.101,.020,.392,.500,.321,.294,.300,.000,.553,,.091,7,.000,,2,0,walkesa01,2004
Ben Wallace 2004,C,29,DET,81,3050,.421,4.9,.989,.610,.163,.131,.086,.011,.424,.544,.197,.224,.313,.125,.618,1.000,.178,113,.125,.000,2,0,wallabe01,2004
Gerald Wallace 2004,SF,21,SAC,37,337,.360,9.7,.978,.427,.079,.067,.404,.022,.368,.421,.286,.333,.333,.000,.563,,.056,2,.500,.000,0,0,wallage01,2004
John Wallace 2004,SF,29,MIA,37,368,.421,12.9,.910,.179,.103,.345,.283,.090,.424,.615,.467,.400,.317,.385,.268,.600,.041,3,.231,.333,0,0,wallajo01,2004
Rasheed Wallace 2004,PF,29,TOT,68,2390,.436,13.6,.745,.177,.209,.203,.156,.255,.472,.640,.422,.480,.342,.331,.691,.988,.077,68,.153,.263,2,0,wallara01,2004
Luke Walton 2004,PF,23,LAL,72,730,.425,12.5,.745,.314,.105,.111,.216,.255,.456,.563,.375,.529,.303,.333,.635,1.000,.000,0,.308,.333,1,0,waltolu01,2004
Charlie Ward 2004,PG,33,TOT,71,1252,.410,17.1,.472,.185,.105,.069,.113,.528,.413,.528,.268,.481,.318,.408,.250,.810,.000,0,.180,.405,2,0,wardch01,2004
Earl Watson 2004,PG,24,MEM,81,1669,.371,12.8,.772,.334,.121,.075,.241,.228,.408,.561,.232,.314,.313,.245,.342,.846,.009,4,.132,.071,7,1,watsoea01,2004
Clarence Weatherspoon 2004,PF,33,TOT,52,868,.493,7.2,.995,.460,.171,.161,.204,.005,.495,.588,.278,.500,.465,.000,.663,,.057,8,1.000,.000,0,0,weathcl01,2004
Chris Webber 2004,PF,30,SAC,23,831,.413,10.4,.988,.238,.261,.128,.361,.012,.416,.600,.345,.333,.375,.200,.647,.000,.078,31,.000,,0,0,webbech01,2004
Bonzi Wells 2004,SG,27,TOT,72,1872,.427,10.6,.919,.358,.102,.146,.313,.081,.437,.589,.345,.323,.346,.319,.669,.864,.040,29,.594,.341,2,0,wellsbo01,2004
Jiří Welsch 2004,SG,24,BOS,81,2179,.428,14.5,.704,.248,.101,.095,.260,.296,.448,.599,.210,.224,.478,.381,.508,.826,.023,11,.365,.409,1,0,welscji01,2004
David Wesley 2004,SG,33,NOH,61,2001,.389,18.1,.644,.141,.020,.071,.411,.356,.425,.540,.313,.298,.413,.323,.735,.946,.000,0,.312,.292,3,0,wesleda01,2004
David West 2004,PF,23,NOH,71,930,.474,3.4,.991,.711,.136,.083,.061,.009,.478,.549,.323,.158,.429,.000,.593,,.079,17,.000,,0,0,westda01,2004
Jahidi White 2004,C,27,TOT,62,865,.521,1.6,1.000,.811,.142,.042,.005,.000,.521,.565,.333,.375,.000,,.505,,.168,27,,,0,0,whiteja01,2004
Rodney White 2004,SF,23,DEN,72,985,.459,14.3,.814,.222,.118,.085,.389,.186,.478,.654,.364,.375,.434,.379,.692,.879,.071,28,.092,.375,1,0,whitero02,2004
Chris Whitney 2004,PG,32,WAS,16,186,.378,19.6,.600,.089,.000,.111,.400,.400,.333,.750,,.400,.222,.444,.667,.625,.000,0,.278,.200,0,0,whitnch01,2004
Chris Wilcox 2004,C,21,LAC,65,1340,.521,4.4,.998,.544,.310,.115,.030,.002,.522,.658,.400,.280,.231,.000,.617,,.149,60,.000,,0,0,wilcoch01,2004
Mike Wilks 2004,PG,24,HOU,26,145,.472,12.8,.722,.333,.111,.083,.194,.278,.423,.500,.500,.333,.286,.600,.364,.667,.000,0,.200,.500,0,0,wilksmi01,2004
Aaron Williams 2004,C,32,NJN,72,1337,.503,6.2,.991,.468,.254,.123,.146,.009,.504,.681,.299,.357,.420,.333,.778,1.000,.137,45,.000,,0,0,williaa01,2004
Alvin Williams 2004,SG,29,TOR,56,1730,.405,16.6,.821,.113,.089,.119,.500,.179,.430,.554,.455,.373,.411,.292,.560,.885,.000,0,.303,.333,2,0,willial02,2004
Eric Williams 2004,SF,31,TOT,71,1886,.386,11.9,.788,.221,.286,.179,.102,.212,.416,.462,.357,.430,.459,.276,.561,.914,.007,3,.220,.250,4,0,willier01,2004
Frank Williams 2004,PG,23,NYK,56,714,.385,12.3,.712,.370,.067,.101,.173,.288,.419,.532,.429,.238,.278,.300,.145,.889,.005,1,.283,.235,0,0,willifr02,2004
Jason Williams 2004,PG,28,MEM,72,2115,.407,18.3,.489,.192,.039,.059,.199,.511,.487,.606,.393,.548,.373,.330,.218,.658,.001,1,.060,.318,6,1,willija02,2004
Jerome Williams 2004,PF,30,TOT,68,1637,.470,5.9,.976,.589,.110,.125,.152,.024,.482,.566,.351,.310,.392,.000,.652,,.065,20,.375,.000,0,0,willije01,2004
Mo Williams 2004,SG,21,UTA,57,772,.380,14.1,.871,.251,.079,.069,.472,.129,.398,.461,.375,.429,.364,.256,.571,.700,.000,0,.256,.200,2,0,willima01,2004
Scott Williams 2004,C,35,TOT,43,527,.484,12.0,.984,.226,.091,.237,.430,.016,.481,.476,.353,.568,.463,.667,.830,.500,.016,3,.667,.500,0,0,willisc01,2004
Shammond Williams 2004,SG-PG,28,TOT,53,763,.375,16.5,.569,.203,.086,.073,.207,.431,.432,.596,.300,.294,.375,.300,.316,.767,.013,3,.140,.214,0,0,willish01,2004
Corliss Williamson 2004,PF,30,DET,79,1574,.505,5.7,1.000,.447,.307,.183,.063,.000,.505,.647,.416,.355,.368,,.711,,.020,12,,,0,0,willico02,2004
Kevin Willis 2004,C,41,SAS,48,373,.467,8.7,.993,.313,.233,.267,.180,.007,.470,.745,.371,.325,.333,.000,.557,,.080,12,.000,,0,0,willike02,2004
Loren Woods 2004,C,25,MIA,38,506,.458,4.2,1.000,.646,.156,.104,.094,.000,.458,.581,.333,.300,.000,,.455,,.125,10,,,0,0,woodslo01,2004
Qyntel Woods 2004,SF,22,POR,62,673,.371,11.7,.878,.350,.110,.089,.329,.122,.375,.458,.231,.429,.321,.345,.628,.900,.059,13,.414,.417,1,0,woodsqy01,2004
Metta World Peace 2004,SF,24,IND,73,2714,.421,11.6,.782,.341,.143,.127,.172,.218,.452,.573,.390,.312,.366,.310,.438,.827,.039,37,.310,.333,0,0,artesro01,2004
Lorenzen Wright 2004,C,28,MEM,65,1674,.439,8.4,.991,.345,.218,.244,.184,.009,.442,.564,.414,.371,.343,.000,.747,,.072,38,.000,,1,0,wrighlo02,2004
Wang Zhizhi 2004,C,26,TOT,16,114,.370,11.7,.696,.348,.174,.065,.109,.304,.406,.438,.250,.333,.600,.286,.692,.750,.000,0,.071,1.000,0,0,zhizhwa01,2004
